Id,smiles
0,N#Cc1nc(NCc2cccc(-c3ccccc3Cl)c2)c2ncn(CCCO)c2n1
1,N#CC1(NC(=O)[C@H](CS(=O)(=O)c2nccs2)N[C@@H](c2ccccc2)C(F)(F)F)CC1
2,N#CC1(NC(=O)[C@@H]2Cc3ccc(c(Cl)c3)OC/C=C/CNc3ccc(Br)cc3C(=O)N2)CC1
3,C[C@@H]1CC[C@H](NC(=O)[C@H](CC2CCCC2)NC(=O)c2ccco2)C(=O)CN1S(=O)(=O)c1ccccn1
4,CC(C)C[C@H](N[C@@H](c1ccc(-c2ccc(S(C)(=O)=O)cc2)cc1)C(F)(F)F)C(=O)NCC(N)=O
5,O=S(=O)(c1ccc2nc(-c3ccco3)c(-c3ccco3)nc2c1)N1CCOCC1
6,CCOC(=O)c1ccc(NC(=O)Nn2cnnc2)cc1
7,NC(=S)NN=C(c1cccc(Br)c1)c1cccc(F)c1F
8,N#CC1(NC(=O)[C@@H]2C[C@@H](S(=O)(=O)c3ccccc3Cl)CN2C(=O)C2(c3ccc(Cl)cc3F)CC2)CC1
9,CCOC(=O)C1=C(C)N=C(C)C(C(=O)OC)C1c1cccc(Cl)c1Cl
10,Nc1ccc2ncccc2c1N
11,N#CN1CCC(CNS(=O)(=O)c2ccccc2)C1
12,CC(C)(C)NC(=O)N[C@H](C(=O)N1C[C@H]2[C@@H]([C@H]1C(=O)NC(CC1CCC1)C(=O)C(N)=O)C2(C)C)C(C)(C)C
13,Cc1noc(/C=C/N(C)C)c1S(=O)(=O)N1CCN(c2ccccc2)CC1
14,COc1ccc(N2CCN(C(=O)[C@@H]3CCCC[C@H]3C(=O)NC3(C#N)CC3)CC2)cc1
15,O=C[C@H](Cc1c[nH]c2ccccc12)NC(=O)C(Cc1ccccc1)Cc1ccccc1
16,CC(=O)N1CCC(CCOc2ccc(-c3cc4c(ncn4C)c(C#N)n3)cc2C(F)(F)F)CC1
17,CCCC[C@H](NC(=O)O[C@H](Cn1cc(-c2ccc(C(F)(F)F)cc2)cn1)C(C)(C)C)C(=O)CNS(=O)(=O)c1ccccn1
18,CCOC(=O)[C@H]1O[C@@H]1C(=O)N[C@H](C(=O)NCCc1ccc(O)cc1)C(C)CC
19,CC[C@@H](C)[C@H](NC(=O)Nc1cccc2ccccc12)C(=O)N[C@@H](C=O)Cc1c[nH]c2ccccc12
20,N#Cc1nc(NCc2cccc(-c3cccnc3)c2)c2ncn(CCCO)c2n1
21,CCc1cc2ccccc2nc1SCC(=O)Nc1cc(OC)c(OC)cc1C(=O)O
22,NC(=S)N/N=C(\c1ccc(Br)cc1)c1cccc(/C(=N/NC(N)=S)c2ccc(Br)cc2)c1
23,O=C(O)Cc1ccc(NC(=O)Nc2cccc(Cl)c2)cc1
24,NC(=S)N/N=C(\c1ccccc1)c1cccc(C(O)c2ccccc2)c1
25,CC(C)C[C@H](N[C@@H](c1ccc(-c2cccc(S(C)(=O)=O)c2)cc1)C(F)(F)F)C(=O)NCC#N
26,CC[C@H](NC(=O)[C@@H]1C[C@@H](S(=O)(=O)c2ccc(C)cc2C)CN1C(=O)OC(C)(C)C)C(=O)C(=O)NC1CC1
27,N#CN1CCC(NS(=O)(=O)c2ccccc2)C1
28,COC(=O)c1cc(C(=O)Nn2cnnc2)cc([N+](=O)[O-])c1
29,N#CN1CCCC1CNC(=O)c1ccccc1
30,Cc1c(C(=O)c2n[o+]n([O-])c2C(=O)c2cnn(C)c2C)cnn1C
31,Cc1ccc(S(=O)(=O)n2nc(OC(=O)c3ccco3)cc2N)cc1
32,CCC(CC)NCCCc1cc(-c2cccc(C(F)(F)F)c2)nc(C#N)n1
33,CC1(C)C2([N+](=O)[O-])CN3CC1([N+](=O)[O-])CN(C2)C3c1ccc(O)c(O)c1
34,CC[C@H](NC(=O)[C@@H]1C[C@@H](S(=O)(=O)c2ccc(F)cc2Cl)CN1C(=O)C1(c2ccc(Cl)cc2)CC1)C(=O)C(=O)NC1CC1
35,CC(C)=CCC/C(C)=C\Cc1c(O)cc(O)c(C(=O)CCc2ccc(O)cc2)c1O
36,CC[C@H](NC(=O)[C@@H]1C[C@@H](S(=O)(=O)c2ccc(F)cc2C(F)(F)F)CN1c1cc(C)nn1C1CCC1)C(=O)C(=O)NC1CC1
37,COC(=O)c1ccc(NC(=O)c2ccc(CN3CCOCC3)cc2)cc1
38,O=C(NC(Cc1ccccc1)C(=O)NC(Cc1ccccc1)C(=O)CF)OCc1ccccc1
39,Cc1ccc(-n2c(C)cc(C(=O)COC(=O)c3ccc[nH]c3=O)c2C)cc1
40,N#CC1(NC(=O)[C@@H]2Cc3ccc(c(Cl)c3)OC/C=C/CCc3ccccc3C(=O)N2)CC1
41,CC(=O)N1CCC[C@H]1C(=O)N[C@@H](CC(=O)O)C(=O)COC(=O)c1c(C)cccc1C
42,CCCC[C@@H](C=O)NC(=O)O[C@@H](C)CC1CCCCC1
43,N#CC1(NC(=O)[C@H](CS(=O)(=O)c2nc3ccccc3s2)N[C@@H](c2ccccc2)C(F)(F)F)CC1
44,N#CN1CCC(NC(=O)c2ccc(-c3ccccc3)cc2)C1
45,N#CC1(NC(=O)[C@@H]2C[C@@H](S(=O)(=O)c3ccccc3Cl)CN2C(=O)C2(c3ccc(I)cc3F)CC2)CC1
46,CC(C)C[C@H](N[C@@H](c1ccc(-c2ccccc2)cc1)C(F)(F)F)C(=O)NCC#N
47,NC(=S)NN=C(c1cccc(F)c1)c1cccc(Br)c1
48,N#CC1(NC(=O)[C@@H]2C[C@@H](S(=O)(=O)c3ccccc3-n3cncn3)CN2C(=O)C2(c3ncc(I)cc3F)CC2)CC1
49,O=C(N[C@@H](Cc1ccccc1)C(=O)NC(Cc1ccccc1)C(=O)CF)OCc1ccccc1
50,NC(=S)NN=C(c1ccc(Cl)cc1)c1cccc(Br)c1
51,COc1ccc(C(=O)C(OC(=O)CNC(=O)c2ccco2)c2ccccc2)cc1
52,CCOC(=O)c1s/c(=N/C(=O)c2ccc(S(=O)(=O)N3CC(C)OC(C)C3)cc2)n(C)c1C
53,Oc1ccc(O)c(-c2cnns2)c1
54,CC(C)CC(C(=O)NCC#N)c1cccc(-c2ccccn2)c1
55,COc1ccc(NCCNC(=O)[C@H](CC(C)C)NC(=O)c2cc3ccccc3[nH]2)cc1
56,Cn1nc(C(C)(C)C)cc1C(=O)NC(Cc1cccc(-c2nnco2)c1)C(=O)NCC#N
57,O=C(O)CCC(=O)N1N=C(c2c(-c3ccccc3)c3cc(Cl)ccc3[nH]c2=O)CC1c1ccco1
58,CC(=O)CN1CCN(c2ccc(-c3cccc([C@@H](CC(C)C)C(=O)NCC#N)c3)cc2)CC1
59,COc1ccc(NCCNC(=O)[C@H](CC(C)C)NC(=O)c2ccc(OCc3ccccc3)cc2)cc1
60,N#CC1(NC(=O)[C@@H]2C[C@@H](S(=O)(=O)c3ccccc3Cl)CN2C(=O)C2(c3ccc(Cl)cn3)CC2)CC1
61,S=C(Nc1cc(Cl)ccc1Cl)Nn1cnnc1
62,CC(C)C[C@H](NC(=O)c1cc2ccccc2[nH]1)C(=O)NCCNc1ccc(OCC2CCCC2)cc1
63,N#CC1(NC(=O)[C@@H]2CCCC[C@H]2C(=O)N2CCN(c3nc4c(s3)CCC4)CC2)CC1
64,CC(C)(C)Cn1c(CN2CCC3(CC2)NC(=O)NC3=O)cc2cnc(C#N)nc21
65,Cc1noc(CN2CCC(CCOc3ccc(-c4cc5c(ncn5C)c(C#N)n4)cc3C(F)(F)F)CC2)n1
66,COc1ccc(-n2c(Cc3cccn3C)nnc2SCC(=O)NCc2ccccc2Cl)cc1
67,CC(C)Oc1c(Br)cccc1-c1cccc(CNc2nc(C#N)nc3c2ncn3CCCO)c1
68,CCCC[C@H](NC(=O)O[C@@H]1C(=O)NCC1(C)C)C(=O)C(=O)N[C@H](C)c1ccccc1
69,Cc1ncccc1-c1ccc(S(=O)(=O)[C@@H]2C[C@@H](C(=O)NC3(C#N)CC3)N(C(=O)C3(c4ncc(Cl)cc4Cl)CC3)C2)c(Cl)c1
70,N#CCNC(=O)[C@@H]1CCCC[C@H]1CSc1ccccc1
71,C[C@@H](NC(=O)C(=O)[C@H](CCCCNC(=O)N1CCOCC1)NC(=O)OCC1(Cc2ccc(F)cc2)CCC1)c1ccccc1
72,CC(COc1ccccc1)=NN=C1SC(c2ccccc2)C(=S)N1c1ccccc1
73,COc1ccc(C)c(Cn2c(-c3nonc3N)nc3ccccc32)c1
74,CC(C)(C)[C@@H](C#N)NC(=O)[C@@H]1CCCC[C@H]1C(=O)N1CCc2[nH]c3ccc(F)cc3c2C1
75,CC[C@H](NC(=O)[C@@H]1C[C@@H](S(=O)(=O)c2ccccc2Cl)CN1C(=O)C1(c2ncc(Cl)cc2F)CC1)C(=O)C(=O)NC1CC1
76,CC(C)C(NC(=O)OCc1ccccc1)C(=O)NC(C=O)Cc1ccccc1
77,COc1ccc(S(=O)(=O)[C@@H]2C[C@@H](C(=O)NC3(C#N)CC3)N(C(=O)C3(c4ncc(Cl)cc4F)CC3)C2)c(Cl)c1
78,NC(=S)NN=C1c2cc(Br)ccc2-c2ccc(Br)cc21
79,Cc1c(O)nc(SCC(=O)Nc2ccc3c4c(cccc24)CC3)n(-c2ccc(F)cc2)c1=O
80,CC(C)C[C@H](NC(=O)C(C)(C)Nc1ccc(Cl)cc1)C(=O)N[C@H](C#N)COCc1ccccc1
81,N#CC1(NC(=O)[C@@H]2C[C@@H](S(=O)(=O)c3ccc(C(F)(F)F)cn3)CN2C(=O)C2(c3ncc(Cl)cc3F)CC2)CC1
82,CC(C)C[C@H](NC(=O)CN1CCN(c2ccncc2)CC1)C(=O)N[C@H](C#N)COCc1ccccc1
83,CCC1(C)Cc2nc3sc(C(=O)O)c(N)c3cc2CO1
84,NC(=S)NN=C(c1cccc(Br)c1)c1cccc(Br)c1O
85,CCCc1cc(-c2ccc(F)c(C(F)(F)F)c2)nc(C#N)n1
86,N#CC1(NC(=O)[C@@H]2C[C@@H](S(=O)(=O)c3ccccn3)CN2C(=O)C2(c3ncc(Cl)cc3F)CC2)CC1
87,COc1ccc(N(CC(=O)Nc2cccc(C)c2C)S(=O)(=O)c2c(C)n[nH]c2C)cc1
88,CC(C)C[C@H](NC(=O)OCc1ccccc1)C(=O)NCCNc1ccc(OC2CCCCC2)cc1
89,CCC(C)c1ccc(O)c(N)c1
90,N#CC1(NC(=O)[C@@H]2C[C@@H](S(=O)(=O)c3ncccc3C(F)(F)F)CN2C(=O)C2(c3ncc(Cl)cc3F)CC2)CC1
91,COc1ccc(OC)c(NC(=O)CSc2nnc(Cc3cccn3C)n2-c2ccc(F)cc2)c1
92,Cn1c(C(=O)N2CCN(Cc3ccccc3)CC2)cc2c(=O)n(C)c3ccccc3c21
93,NC(=S)NN=C1CCS(=O)(=O)c2cc(F)c(F)cc21
94,CC(C)C[C@H](NC(=O)OCc1ccccc1)C(=O)NCCNc1ccc(OCCN(C)C)cc1
95,O=C(Nn1cnnc1)c1ccccc1-c1ccccc1
96,CC(=N)NS(=O)(=O)c1ccc(Cl)cc1
97,CC(C)(C)[C@H](N[C@@H](c1ccc(-c2ccc(S(C)(=O)=O)cc2)cc1)C(F)(F)F)C(=O)N[C@H](C#N)Cc1ccccc1
98,Cc1cccc(C[C@H](NC(=O)c2cc(C(C)(C)C)nn2C)C(=O)NCC#N)c1
99,CCCC[C@H](N[C@@H](CC(C)C)C(=O)NCC#N)C(F)(F)F
100,CC(C)C[C@H](NC(=O)c1cc2ccccc2[nH]1)C(=O)NCCNc1ccc(OCc2ccccc2)cc1
101,C[C@H](Oc1ccc(S(=O)(=O)[C@@H]2C[C@@H](C(=O)NC3(C#N)CC3)N(C(=O)C3(c4ncc(Br)cc4F)CCN3)C2)c(Cl)c1)C(F)(F)F
102,CCCc1cc(-c2cccc(CC)c2)nc(C#N)n1
103,S=C(NCc1ccccc1)NN=C(c1cccc(Br)c1)c1cccc(Br)c1
104,COC(=O)c1ccccc1NC(=O)Cn1c(-c2nonc2N)nc2ccccc21
105,CN(C)c1cccc(-c2cccc(CNc3nc(C#N)nc4c3ncn4CCCO)c2)c1
106,CC(C)(C)OC(=O)N[C@@H](Cc1c[nH]c2ccccc12)C(=O)NNC(=O)OCC(=O)N1CCCc2ccccc21
107,CC(C)C(NC(=O)OC(C)(C)C)C(=O)N1CCCCN1C#N
108,CC(C)C(Nc1ccccc1)C(=O)N1CCCCN1C#N
109,CCOc1ccc(NC2=NC(C(=O)NCc3ccccc3)CC(=O)N2)cc1
110,C[C@H](NC(=O)O[C@H](Cn1ccc(-c2ccc(C(F)(F)F)cc2)n1)C(C)(C)C)C(=O)CNS(=O)(=O)c1ccccn1
111,CCc1ccc(C(=O)N[C@@H](CC(C)C)C(=O)NCCNc2ccc(OC)cc2)cc1
112,O=C(N[C@@H](Cc1ccccc1)C(=O)N[C@@H]1C(=O)N[C@H]1S(=O)(=O)c1ccccc1)OCc1ccccc1
113,CN1CCc2cccc3c2[C@@H]1Cc1ccc(O)c(O)c1-3
114,O=C1C2=C(CCCC2)S(=O)(=O)N1c1cccc(Br)n1
115,C[C@H](C#N)n1cc([C@@](C)(NC(=O)c2ccsc2)C2CCCCC2)nn1
116,CCc1cc2ccc(C)cc2nc1SCC(=O)Nc1cc(OC)c(OC)cc1C(=O)O
117,O=C(N[C@@H](Cc1ccccc1)C(=O)N[C@@H]1C(=O)N[C@H]1Sc1ccccc1)OCc1ccccc1
118,NC(=S)NN=C(c1cccc(Br)c1)c1cc(C(F)(F)F)cc(C(F)(F)F)c1
119,O=C(O)CCC(=O)N1N=C(c2c(-c3ccccc3)c3cc(Cl)ccc3[nH]c2=O)CC1c1cccs1
120,N#Cc1ncc2cc(CSc3ccncc3)n(CCC3CCCCC3)c2n1
121,CCCC(=O)N1CCN(S(=O)(=O)c2cc(Cl)ccc2OC)CC1
122,CC[C@H](NC(=O)[C@@H]1C[C@@H](S(=O)(=O)c2ccc(OCC(F)(F)F)cc2Cl)CN1C(=O)C1(c2ncc(Cl)cc2F)CC1)C(=O)C(=O)NC1CC1
123,CC(C)C[C@@H](C(=O)NCC#N)c1cccc(-c2ccc(C34CCN(CC3)CC4)cc2)c1
124,N#Cc1ncc(C(=O)NCCc2ccccc2)c(NCC2CCC3(CC2)CC3)n1
125,Cc1nnc(SCc2nnc(-c3ccccc3Br)o2)n1-c1ccccc1
126,CC(C)CC(C(=O)NCC#N)c1cccc(-c2ccc(N3CCNCC3)cc2)c1
127,NC(=S)NN=C(c1cc(C(F)(F)F)cc(C(F)(F)F)c1)c1cccs1
128,N#CC1(NC(=O)[C@H](CS(=O)(=O)Cc2ccccc2-c2ccccc2)N[C@@H](c2ccc(F)cc2)C(F)(F)F)CC1
129,N#CC1(NC(=O)[C@@H]2Cc3ccc(c(Cl)c3)OC/C=C\COc3ccc(F)c(F)c3C(=O)N2)CC1
130,Cc1cc(C(=O)COC(=O)c2ccc[nH]c2=O)c(C)n1-c1ccccc1
131,CCOC(OCC)[C@H](C)NC(=O)[C@H](Cc1ccccc1)NC(=O)[C@@H](CC(=O)NO)CC(C)C
132,N#CC1(NC(=O)[C@@H]2C[C@@H](S(=O)(=O)c3ccccc3-n3cncn3)CN2C(=O)C2(c3ncc(Cl)cc3F)CC2)CC1
133,CCCCCCC[C@H]1O[C@@H]1C(OC(=O)c1ccc(I)cc1)C(=O)NC1CCCCC1
134,CCCC[C@H](NC(=O)O[C@H](Cc1nnc(-c2ccccc2)o1)C(C)C)C(=O)C(=O)N[C@H](C)c1ccccc1
135,O=C(Nn1cnnc1)c1csc2ccccc12
136,COc1cc(NC(=O)CSc2nc3cc(C)ccc3cc2C)c(C(=O)O)cc1OC
137,CSc1ccc2c(c1)C(=O)N[C@H](C(=O)NC1(C#N)CC1)Cc1ccc(c(Cl)c1)OCCCCO2
138,NC(=S)NN=C1CCSc2c(F)cc(F)cc21
139,Cc1cccc(C[C@H](Nc2ccccc2)C(=O)N[C@H](C#N)COCc2ccc(C(=O)O)cc2)c1
140,Cn1cnc2c(C#N)nc(-c3ccc(OCCC4CCNCC4)c(C(F)(F)F)c3)cc21
141,CC(C)C[C@H](NC(=O)OCc1ccccc1)C(=O)NCCNc1ccc(OCCN2CCCC2)cc1
142,CC1CCN(Cc2ccc(NC(=O)C3CCN(c4nnc(-n5cccc5)s4)CC3)cc2)CC1
143,NC(=S)N/N=C(\c1ccccc1)c1cc(C(=O)c2ccccc2)cc(C(=O)c2ccccc2)c1
144,NC(=S)NN=C1CCS(=O)(=O)c2c(F)cc(F)cc21
145,COc1ccccc1NC(=O)CCC(=O)O
146,Cc1cc(NC(=O)CSc2nc3ccccc3n2CC(=O)N2CCCCC2)no1
147,O=C(/C=C/c1ccsc1)c1cc(O)cc(O)c1
148,O=C(Nc1cc(N2CCOCC2)ncn1)NC1(C(F)(F)F)Oc2ccccc2O1
149,O=C1C2=C(CCCC2)S(=O)(=O)N1c1ncc(F)cc1F
150,C=Cc1ccc(-c2cccc(CNc3nc(C#N)nc4c3ncn4CCCO)c2)cc1
151,CCCc1cccc(-c2cc(CCC)nc(C#N)n2)c1
152,CCN(C(=O)COc1cc(=O)n(CC)c2ccccc12)c1cccc(Cl)c1
153,O=C(/C=C/c1ccccc1)c1cc(O)cc(O)c1
154,Cc1ccc(Nc2nnc(SCc3cc(=O)n4ccsc4n3)s2)c(C)c1
155,Cn1c(C(=O)NCCN2CCN(Cc3ccccc3)CC2)cc2c(=O)n(C)c3ccccc3c21
156,CCCc1cc(-c2ccccc2C(F)(F)F)nc(C#N)n1
157,N#Cc1ncc2cc(COc3cccc(C(N)=O)c3)n(CCC3CCCCC3)c2n1
158,N#CN1CC(OCC2CCCCC2)C1
159,CC(=O)N1CCN(c2ccc(OCc3cc4cnc(C#N)nc4n3CCC3CCCCCC3)cc2)CC1
160,CC[C@@H](C)[C@H](NC(=O)Nc1cccc(C)c1)C(=O)N[C@@H](C=O)Cc1c[nH]c2ccccc12
161,N#Cc1ncc(C(=O)N[C@H](Cc2ccccn2)CN2CCCC2)c(NCC2CCC3(CC2)CC3)n1
162,CC(C)(C)OC(=O)N1CC[C@@H](NS(=O)(=O)c2cccc(Br)c2)C1
163,N#CC1(NC(=O)[C@@H]2Cc3ccc(c(Cl)c3)OC/C=C/COc3ccc(Cl)cc3C(=O)N2)CC1
164,COc1ccc(S(=O)(=O)[C@@H]2C[C@@H](C(=O)NC3(C#N)CC3)N(C(=O)C3(c4ccc(Cl)cn4)CC3)C2)c(Cl)c1
165,N#CC1(NC(=O)[C@@H]2Cc3ccc(c(Cl)c3)OC/C=C/COc3cc(C(F)(F)F)ccc3C(=O)N2)CC1
166,N#Cc1nc(Nc2ccccc2OCCCn2ccnc2)c2ncn(C3CCCC3)c2n1
167,CC(C)C[C@H](N[C@@H](c1ccc(-c2ccc(C#N)cc2)cc1)C(F)(F)F)C(=O)NCC#N
168,CCOc1ccc(NC(=O)Nc2cccs2)cc1
169,NC(=S)N/N=C(\c1ccccc1)c1cccc(C(=O)c2ccccc2)c1
170,N#CCNC(=O)[C@@H]1CCCC[C@H]1C(=O)N1CCN(c2ccccc2)CC1
171,Cc1cc(C)c2nc3sc(=Cc4ccc5c(c4)n(C)c(=O)n5C)c(=O)n3c2c1
172,CC[C@H](NC(=O)[C@@H]1C[C@@H](S(=O)(=O)c2ccc(Cl)cc2C)CN1C(=O)OC(C)(C)C)C(=O)C(=O)NC1CC1
173,Cc1cc(-c2ccc(S(=O)(=O)[C@@H]3C[C@@H](C(=O)NC4(C#N)CC4)N(C(=O)C4(c5ncc(Cl)cc5F)CC4)C3)c(Cl)c2)ccn1
174,N#Cc1nc(NC[C@H](O)c2ccccc2)nc(N2CCNCC2)n1
175,CC(=O)Nc1cccc(-c2cccc(CNc3nc(C#N)nc4c3ncn4CCCO)c2)c1
176,CC(C)n1c(SCC(=O)Nc2nncs2)nnc1-c1ccco1
177,CN(CC1CCCCC1)c1nc(C#N)ncc1C(=O)NCCc1ccccc1
178,O=C1NC(=S)NC(=O)C1=Cc1cc2ccccc2[nH]1
179,O=C(O)c1cc([N+](=O)[O-])ccc1Nc1ccccc1
180,CC[C@@H](C)[C@H](NC(=O)c1ccccc1)C(=O)N[C@@H](C=O)Cc1c[nH]c2ccccc12
181,CSc1nc(N2CCN(CCO)CC2)c2sc3nc(-c4ccco4)c4c(c3c2n1)CCC4
182,O=C(CSc1nc2c(c(=O)[nH]1)CN(Cc1ccc(F)cc1)CC2)Nc1ccc(F)cc1
183,CC(C)C[C@H](NC(=O)[C@H]1O[C@@H]1C(=O)O)C(=O)NCCCCN=C(N)N
184,O=C(CSc1nccc(=O)[nH]1)Nc1ccc(Br)c(Cl)c1
185,CCCC[C@H](NC(=O)OC1(Cc2ccccc2)CCCC1)C(=O)C(=O)N[C@H](C)c1ccccc1
186,CCC1CCc2c(sc(NC(=O)C3CC=CCC3C(=O)O)c2C#N)C1
187,O=C(NCCCN1CCN(Cc2ccccc2)CC1)C1CCN(c2nnc(-n3cccc3)s2)CC1
188,COc1cc(OC)cc(/C(=N\NC(N)=S)c2cccc(Br)c2)c1
189,CS(=O)(=O)c1ccc(-c2ccc([C@H](N[C@@H](CC(F)(F)F)C(=O)NC(C#N)(C3CC3)C3CC3)C(F)(F)F)cc2)cc1
190,O=C(Nc1cccc(C(F)(F)F)c1)Nn1cnnc1
191,CCC[C@H](NC(=O)[C@@H]1C[C@@H](S(=O)(=O)c2ccccc2Cl)CN1C(=O)C1(c2ncc(Cl)cc2F)CC1)C(=O)C(=O)NC1CC1
192,O=c1cc(-c2ccc(F)cc2)[nH][nH]1
193,CCCC[C@H](NC(=O)O[C@H](Cn1ccc(-c2ccc(C(F)(F)F)cc2)n1)C(C)(C)C)C(=O)CNS(=O)(=O)c1ccccn1
194,CC(C)C[C@@H](C(=O)NCC#N)c1cccc(-c2ccc(N3CCN(CC(C)(C)O)CC3)cc2)c1
195,C=CCn1c(N)cc(=O)nc1SCC(=O)Nc1ccc2ccccc2c1
196,CC(=O)N1CCN(CC#Cc2ccc(CN(CC(C)(C)C)c3ccnc(C#N)n3)cc2)CC1
197,N#CC1(NC(=O)[C@@H]2CCCC[C@H]2C(=O)N2CCN(c3nc4cccnc4s3)CC2)CC1
198,O=C(Nc1ccc(F)c(Cl)c1)Nn1cnnc1
199,CCOc1ccc(CCNC(=O)Cn2c(-c3nonc3N)nc3ccccc32)cc1OCC
200,CSc1nc(C2CC2)cc(-c2cccs2)c1C#N
201,CC(C)C[C@@H](NC(=O)N1CCOCC1)C(=O)N[C@@H](C=CS(=O)(=O)c1ccccc1)CCc1ccccc1
202,CCOC(=O)c1sc(=S)n(-c2cc(F)ccc2F)c1N
203,CC1=NC(=O)NC(c2ccc(O)c(O)c2)C1[N+](=O)[O-]
204,CC(C)(C)CNc1nc(C#N)ncc1C#CCN1Cc2ccccc2C1
205,Clc1ccccc1CSc1nnc(-c2ccco2)c(-c2ccco2)n1
206,N#CN1CC[C@@H](NC(=O)Nc2ccccc2)C1
207,Cn1c(C(=O)NCCN2CCc3ccccc3C2)cc2c(=O)n(C)c3ccccc3c21
208,COc1ccc(S(=O)(=O)[C@@H]2C[C@@H](C(=O)NC3(C#N)CC3)N(C(=O)C3(c4ccc(Cl)cn4)CN(C(=O)OC(C)(C)C)C3)C2)c(Cl)c1
209,N#CC1(n2cc([C@@H](NC(=O)c3ccsc3)C3CCCCC3)nn2)CC1
210,CC(C)CC(C(=O)NCC#N)c1cccc(-c2ccncc2)c1
211,N#[N+][CH-]C(=O)[C@H](Cc1ccc(I)cc1)NC(=O)CN
212,COC(=O)c1c(-c2cc(C)ccc2C)csc1NC(=O)C1CC=CCC1C(=O)O
213,CN1CCN(c2ccc(-c3cccc(C(Cc4ccccc4)C(=O)NCC#N)c3)cc2)CC1
214,CN1CCC(CCOc2nc(C#N)nc(NCC3CCC4(CC3)CC4)c2Br)CC1
215,CCCN1C(=O)NC2(CCN(Cc3cc4cnc(C#N)nc4n3CC(C)(C)C)CC2)C1=O
216,O=C(N[C@@H](Cc1ccccc1)C(=O)N[C@@H]1CNC1=O)OCc1ccccc1
217,NC(=S)NN=C1CCSc2c(Br)cc(F)cc21
218,Cc1ccc(Nc2nnc(SC3CCOC3=O)s2)cc1
219,CC[C@H]1CN2CCc3cc(OC)c(OC)cc3[C@@H]2C[C@@H]1C[C@H]1NCCc2cc(OC)c(OC)cc21
220,O=C(N[C@@H](Cc1ccccc1)C(=O)N[C@@H]1C(=O)N[C@@H]1Oc1ccccc1)OCc1ccccc1
221,N#Cc1nc(CCCN2CCCCC2)cc(C2CCCCCC2)n1
222,COc1ccc(OC)c(/C=C2\SC(=S)N(C(C(=O)O)c3ccccc3)C2=O)c1
223,Cl[Au](Cl)Cl
224,O=C(CSc1nc(O)cc(=O)[nH]1)Nc1ccc2c(c1)CCC2
225,CC(C)C[C@H](NC(=O)c1cc2ccccc2[nH]1)C(=O)N[C@H](C#N)COCc1ccccc1
226,COc1cc(Nc2cc3ccccc3cc2C(=O)O)ccc1OCc1ccccc1
227,O=C(OC(C(=O)NCc1cccs1)c1ccccn1)c1cccs1
228,CC(C)C[C@H](NC(=O)OCc1ccccc1)C(=O)N[C@H](C#N)Cc1ccc(OCc2ccccc2)cc1
229,COc1cc(NC(=O)C2CC=CCC2C(=O)O)c(OC)cc1Cl
230,COc1cc(NC(=O)CSc2nc3c(C)ccc(C)c3cc2C)c(C(=O)O)cc1OC
231,CC(C)(C)CNc1nc(C#N)ncc1C#CCN1CCN(S(=O)(=O)CCCCl)CC1
232,CNC[C@H](O)c1ccc(O)c(O)c1
233,N#Cc1ncc2cc(Cc3ccc(Cl)cc3)n(CCC3CCCCCCC3)c2n1
234,Oc1ccc(C2=Nn3c(nnc3-c3ccco3)SC2)cc1O
235,Oc1ccc(-c2cn3ccccc3n2)cc1O
236,CCCCCCCCNC(=O)C(OC(=O)CCCCCBr)[C@H]1O[C@@H]1c1ccccc1[N+](=O)[O-]
237,CCC[C@H](NC(=O)[C@@H]1C[C@@H](S(=O)(=O)c2ccccc2C(F)(F)F)CN1C(=O)C1(c2ncc(Cl)cc2F)CC1)C(=O)C(=O)NC1CC1
238,CC(C)CC(C(=O)NCC#N)c1csc(-c2ccccc2)n1
239,COc1cc(N2CCN(C(=O)[C@@H]3CCCC[C@H]3C(=O)NC3(C#N)CC3)[C@H](C)C2)ccc1C1CC1
240,CCCC[C@@H](C=NN=C(O)N1CCc2ccccc21)NC(=O)OC(C)(C)C
241,Cc1cc(C)n2c(=S)[nH]nc2n1
242,CC(C)CC(NC(c1ccc(-c2ccc(N3CCNCC3)cc2)cc1)C(F)(F)F)C(=O)NCC#N
243,CC(C)(C)OC(=O)N1CC(c2ccc3c(c2)C(=O)N[C@H](C(=O)NC2(C#N)CC2)Cc2ccc(c(Cl)c2)OCCCCO3)C1
244,COc1ccc(CCn2c(=N)c(C(=O)NCc3ccco3)cc3c(=O)n4ccccc4nc32)cc1
245,CCCC[C@H](NC(=O)OCC1(Cc2ccccc2)CCC1)C(=O)C(=O)N[C@H](C)c1ccccc1
246,COc1ccc(CCNC(=O)C2CCN(S(=O)(=O)c3cc(OC)ccc3OC)CC2)cc1
247,COc1cccc2c(SCC(=O)NN=Cc3ccc(O)c(O)c3)cc(C)nc12
248,CC(C)CC(C(=O)NCC#N)c1cccc(-c2cccc(N3CCOCC3)c2)c1
249,CCc1ccccc1NC(=O)CSC(=O)NNC(=O)[C@@H](Cc1c[nH]c2ccccc12)NC(=O)OC(C)(C)C
250,CN1CCN(S(=O)(=O)c2ccc(N3CCN(S(=O)(=O)/C=C/c4ccccc4)CC3)nc2)CC1
251,CC(C)C[C@H](Nc1cscc1Br)C(=O)NCC#N
252,CCCc1cc(-c2ccc(OC(C)C)c(C(F)(F)F)c2)nc(C#N)n1
253,CCC[C@H](NC(=O)[C@@H]1C[C@@H](S(=O)(=O)c2ccccc2Cl)CN1C(=O)C1(c2ccc(Br)cc2)CC1)C(=O)C(=O)NC1CC1
254,O=C(O)c1cc([N+](=O)[O-])ccc1Nc1ccc(OCc2ccccc2)cc1
255,O=C[C@H](Cc1c[nH]c2ccccc12)NC(=O)C1CCCCC1
256,CCCC[C@H](NC(=O)O[C@H](Cn1cnc2cc(Cl)c(Cl)cc21)C(C)(C)C)C(=O)CNS(=O)(=O)c1ccccn1
257,CC(C)[C@H](N[C@@H](c1ccc(-c2ccc(S(C)(=O)=O)cc2)cc1)C(F)(F)F)C(=O)N[C@H](C#N)Cc1ccc(C#N)cc1F
258,Cc1ccc(NC(=O)CSc2nc3c(c(=O)[nH]2)CCC3)cc1C
259,CCCCCCCCCCCc1cc(O)c2ccccc2n1
260,Cn1nccc1-c1cccc(CC(NC(=O)c2ccccc2)C(=O)NCC#N)c1
261,CC[P+](CC)(CC)[Au-]S[C@@H]1O[C@H](COC(C)=O)[C@@H](OC(C)=O)[C@H](OC(C)=O)[C@H]1OC(C)=O
262,Oc1ccc(-c2csc(-c3cccnc3)n2)cc1O
263,O=C1O[C@@H]2CN1CC[C@@H]2Oc1ccccc1
264,O=C(CCn1nc(-c2ccc(Cl)cc2)ccc1=O)NCCCN1CCCCCC1
265,CC[C@@H](C)[C@H](NC(=S)Nc1cccc2ccccc12)C(=O)N[C@@H](C=O)Cc1c[nH]c2ccccc12
266,CC[C@H](NC(=O)[C@@H]1C[C@@H](S(=O)(=O)c2ccc(O[C@@H](C)C(F)(F)F)cc2Cl)CN1C(=O)C1(c2ccc(Cl)cc2)CC1)C(=O)C(=O)NC1CC1
267,N#CC1(NC(=O)[C@@H]2C[C@@H](Sc3ccc(Cl)cn3)CN2C(=O)C2(c3ncc(Cl)cc3F)CC2)CC1
268,N#CN1CCC(CCc2ccccc2)C1
269,c1ccc2c(c1)CCOC2CNCCCN1CCCCC1
270,CC(C)C[C@H](N[C@@H](c1ccc(-c2ncccn2)cc1)C(F)(F)F)C(=O)NCC#N
271,N#Cc1ncc(C(=O)N[C@H](Cc2ccccc2)CN2CCCC2)c(NCC2CCC3(CC2)CC3)n1
272,Cc1ccccc1NC(=O)C1CC(=O)N(c2ccccc2F)C1
273,CC1(C)CC2(CC(c3ccccc3F)c3ccc(O)c(O)c3O2)NC(=S)N1
274,O=C(Nc1ccc([N+](=O)[O-])cc1)Nn1cnnc1
275,COc1ccc(N2CCN(C(=O)[C@@H]3CCCC[C@H]3C(=O)NC3(C#N)CC3)[C@H](C)C2)cc1OC
276,CC(C)C[C@H](N[C@@H](c1ccc(Oc2ccccc2)cc1)C(F)(F)F)C(=O)NCC#N
277,NC(=S)NN=C(c1ccccc1)c1cc(C(=O)c2ccccc2)cc(C(=O)c2ccccc2)c1
278,CCCc1cc(-c2cccc(OC(F)(F)F)c2)nc(C#N)n1
279,S=c1[nH]nc(-c2cccc(Br)c2)[nH]1
280,O=C(/C=C/c1cccs1)c1cc(O)cc(O)c1
281,OC(Cn1cnnc1)c1ccccc1
282,COc1ccc(C(=NNC(N)=S)c2cccc(C(=NNC(N)=S)c3ccc(OC)cc3)c2)cc1
283,N#CC1(NC(=O)[C@@H]2CCCC[C@H]2C(=O)N2CCN(c3nc(C(F)(F)F)c(Cl)s3)CC2)CC1
284,CCCc1cc(-c2cccc(CC(C)C)c2)nc(C#N)n1
285,COc1ccc(S(=O)(=O)[C@@H]2C[C@@H](C(=O)NC3(C#N)CC3)N(C(=O)C3(c4ccc(Cl)cn4)CN(C)C3)C2)c(Cl)c1
286,CC(C)C[C@H](CC(=O)NO)C(=O)N[C@@H](CC(C)C)C(=O)N[C@@H](C)C=O
287,CC(=O)Nc1nc2n(n1)C(c1ccc(F)cc1)CC(c1ccccc1)=N2
288,CCCC[C@H](NC(=O)OCC(C)(C)Cc1ccccc1)C(=O)C(=O)N[C@H](C)c1ccccc1
289,COc1ccc2c(C)nc(Nc3nc(C)cc(C)n3)nc2c1
290,CC(C)CO[C@@H]1NC(=O)[C@H]1NC(=O)[C@H](Cc1ccccc1)NC(=O)OCc1ccccc1
291,CCOc1cc(C(=O)NC(=S)Nn2cnnc2)cc(OCC)c1OCC
292,N#CCNC(=O)C(Cc1cccc(-c2cncnc2)c1)NC(=O)c1ccccc1
293,CC[C@H](NC(=O)[C@@H]1C[C@@H](S(=O)(=O)c2ccccc2Cl)CN1C(=O)C1(c2ccc(I)cc2)CC1)C(=O)C(=O)NC1CC1
294,N#CCNC(=O)[C@H](CC1CCCCC1)NC(=O)c1ccccc1
295,CNC(=O)c1c(NCC2CCC3(CCC3)CC2)nc(C#N)nc1OC1CC(C)(C)NC(C)(C)C1
296,COc1ccc(C(=O)N[C@@H](CC(C)C)C(=O)NCCNc2ccc(OCC3CCCC3)cc2)cc1
297,COc1cc2c(cc1OC)-c1c(OC)c(OC)cc3c1C(C2)N(C)CC3
298,C[C@]12C=CC(=O)C=C1CC[C@H]1[C@@H]3C[C@@H](O)[C@](O)(C(=O)CO)[C@@]3(C)C[C@H](O)[C@@]12F
299,CC(C)(C)c1ccc(O)c(N=Cc2cc(Br)ccc2O)c1
300,N#Cc1nc(Nc2ccc([N+](=O)[O-])cc2)nc(N2CCNCC2)n1
301,CCCc1cc(-c2cccc(C3CC3)c2)nc(C#N)n1
302,CC(C)C[C@H](N[C@@H](c1ccc(-c2ccc(S(C)(=O)=O)cc2)cc1)C(F)(F)F)C(=O)NC(C)(C)C#N
303,CC(C)COc1ccc(NCCNC(=O)[C@H](CC(C)C)NC(=O)c2cc3ccccc3[nH]2)cc1
304,CCCc1cc(-c2cccc(C)c2)nc(C#N)n1
305,CCc1cc2cc(OC)ccc2nc1SCC(=O)Nc1cc(OC)c(OC)cc1C(=O)O
306,CC(C)(F)C[C@H](N[C@@H](c1ccc(-c2ccc(S(C)(=O)=O)cc2)cc1)C(F)(F)F)C(=O)N[C@H](C#N)CCc1ccccc1
307,COC(=O)c1cc(Cl)c(NS(=O)(=O)c2ccccc2)cc1OC
308,NC(=S)NN=C1CCSc2ccc(O)cc21
309,N#CC1(NC(=O)[C@H](CS(=O)(=O)c2ccc(F)cc2)N[C@@H](c2ccc(F)cc2)C(F)(F)F)CC1
310,N#CCNC(=O)[C@H](Cc1ccccc1)NC(=O)C(c1ccccc1)c1ccccc1
311,COc1cc(Nc2ccccc2C(=O)O)ccc1OCc1ccccc1
312,N#C[C@H](COCc1cccc(C(=O)O)c1)NC(=O)[C@H](Cc1ccccc1)Nc1ccccc1
313,CC1(C)COCc2sc(N3CCN(C(=O)[C@@H]4CCCC[C@H]4C(=O)NC4(C#N)CC4)CC3)nc21
314,CC(C)(C)CNc1nc(C#N)nc(N2CCOCC2)c1N
315,CC(C)C(Nc1ccc(Cl)cc1)C(=O)N1CCCCN1C#N
316,CC1(C)CCc2c(cc(O)c(C(=O)CCc3ccc4c(c3)CC3C(C)(C)CCCC3(C)O4)c2O)O1
317,O=C(/C=C\c1ccc(O)c(O)c1)OC1C(O)CC(OC(=O)/C=C\c2ccc(O)c(O)c2)(C(=O)O)CC1O
318,N#CN1CCCC1
319,Cc1cccc(Nc2nnc(SC3CCOC3=O)s2)c1C
320,CN(C)CCCOc1ccc(-c2cc3c(ncn3C)c(C#N)n2)cc1C(F)(F)F
321,O=c1cc(-c2ccc(Cl)c(Cl)c2)[nH][nH]1
322,Cc1ccc(C=Nc2sc3c(c2C#N)CCC3)s1
323,CC(=O)N1CCN(c2ccc(OCc3cc4cnc(C#N)nc4n3CCC3CCC(F)(F)CC3)cc2)CC1
324,COC(=O)c1c(C(=O)OC)n(CCCN)c2ccc(C)cc12
325,N#Cc1c(N)sc(=S)c2c1CCN(Cc1ccccc1)C2
326,N#Cc1nc(NC2CCCCC2)c2ncn(C3CCCC3)c2n1
327,COc1cccc(N=C2NCC(=O)N2Cc2cccs2)c1
328,CCC[C@H](NC(=O)[C@@H]1C[C@@H](S(=O)(=O)c2ccccc2Cl)CN1C(=O)C1(c2ccc(Cl)cc2)CC1)C(=O)C(=O)NCC
329,N#Cc1c(NC(=O)C2C3C=CC(C3)C2C(=O)O)sc2c1CCCCC2
330,O=C(CSc1nnc(-c2ccccc2)o1)Nc1ccccc1F
331,Cn1cc(-c2ccc(S(=O)(=O)[C@@H]3C[C@@H](C(=O)NC4(C#N)CC4)N(C(=O)C4(c5ncc(Cl)cc5F)CCN4C(=O)OC(C)(C)C)C3)c(Cl)c2)cn1
332,CC(C)C[C@H](N[C@@H](c1ccc(-c2ccc(-c3ccncc3)cc2)cc1)C(F)(F)F)C(=O)NCC#N
333,CC(C)(C)NCCCc1cc(-c2cccc(C(F)(F)F)c2)nc(C#N)n1
334,CCCCc1c(O)nc(SCCN(C)C)n(-c2ccccc2)c1=O
335,CCCc1cc(-c2cc(C(F)(F)F)ccc2Cl)nc(C#N)n1
336,N#CC1(NC(=O)[C@@H]2C[C@@H](S(=O)(=O)c3ccc(OCC(F)(F)F)cc3Cl)CN2C(=O)C2(c3ncc(Br)cc3F)CNC2)CC1
337,C[C@@H](C#N)n1cc([C@@](C)(NC(=O)c2ccsc2)[C@H]2CC[C@H](C)CC2)nn1
338,CCOC(C)=O
339,CCN(CC)C(c1ccc(C)cc1)c1nnnn1C1CCCCC1
340,CC(C)C[C@@H](C(=O)NCC#N)c1cccc(-c2ccc(N3CCN(CC(C)(C)N)CC3)cc2)c1
341,N#CC1(NC(=O)[C@H](CS(=O)(=O)Cc2cccc(F)c2F)N[C@@H](c2ccc(F)cc2)C(F)(F)F)CC1
342,Nc1cc(OC(=O)c2cccs2)nn1S(=O)(=O)c1ccccc1
343,CC[C@H](NC(=O)[C@@H]1C[C@@H](S(=O)(=O)c2ccccc2C(F)(F)F)CN1c1ccccc1[N+](=O)[O-])C(=O)c1nc2ccccc2o1
344,CC(C)C[C@@H](C(=O)NCC#N)c1cccc(-c2ccc(-c3ccncc3)cc2)c1
345,Cn1ncnc2c(=O)n(C)c(=O)nc1-2
346,Br/C(C=Nn1cnnc1)=C\c1ccccc1
347,CC(C)C[C@H](N[C@@H](c1ccccc1)C(F)(F)F)C(=O)NCC#N
348,CCc1ccc(C(=O)N[C@@H](CC(C)C)C(=O)NCCNc2ccc(OCc3ccccc3)cc2)cc1
349,C[C@H](Oc1ccc(S(=O)(=O)[C@@H]2C[C@@H](C(=O)NC3(C#N)CC3)N(C(=O)C3(c4ncc(Br)cc4F)CN(C(=O)OC(C)(C)C)C3)C2)c(Cl)c1)C(F)(F)F
350,O=C(N[C@@H](Cc1ccccc1)C(=O)N[C@@H]1C(=O)N[C@H]1Oc1ccccc1)OCc1ccccc1
351,N#CCNC(=O)[C@@H]1CCCC[C@H]1CSc1cccc(Cl)c1
352,CC(C)C[C@H](NC(=O)[C@@H]1C[C@@H](S(=O)(=O)c2ccccc2Cl)CN1C(=O)C1(c2ncc(Cl)cc2F)CC1)C(=O)C(=O)NC1CC1
353,Cn1cnc2c(C#N)nc(-c3ccc(OCCC4CCN(Cc5ncco5)CC4)c(C(F)(F)F)c3)cc21
354,OC(COc1ccc(C2C=CCC2)cc1)CN1CCCCC1
355,N#CC1(NC(=O)[C@@H]2Cc3ccc(c(Cl)c3)OC/C=C/COc3cc4c(cc3C(=O)N2)CCCC4)CC1
356,Cn1cc(-c2ccc(S(=O)(=O)[C@@H]3C[C@@H](C(=O)NC4(C#N)CC4)N(C(=O)C4(c5ncc(Cl)cc5Cl)CC4)C3)c(Cl)c2)cn1
357,CC(=O)NC(=O)NC1OC(=O)C(Cl)=C1Cl
358,CC(C)C[C@H](NC(=O)c1cc2ccccc2o1)C(=O)N[C@H]1CC[C@@H](C)N(S(=O)(=O)c2ccccn2)CC1=O
359,Cc1ccc(C(C)C)c(OCc2nc(-c3nonc3N)no2)c1
360,CC(C)C[C@H](N[C@@H](c1ccc(-c2ccc(S(C)(=O)=O)cc2)cc1)C(F)(F)F)C(=O)NC(C#N)(C1CC1)C1CC1
361,N#Cc1nc(NCc2cccc(-c3ccco3)c2)c2ncn(CCCO)c2n1
362,COC(=O)c1c(NC(=O)C2CC=CCC2C(=O)O)sc(C)c1C
363,O=C(CSc1nnc(-c2ccco2)c(-c2ccco2)n1)Nc1ccccc1
364,N#Cc1nc(NCc2cccc(-c3ccc(Cl)cc3)c2)c2ncn(CCCO)c2n1
365,CC(C)C[C@H](NC(=O)OCc1ccccc1)C(=O)NCCNc1ccc(OCc2ccccc2)cc1
366,CS(=O)C[C@H](N[C@@H](c1ccc(F)cc1)C(F)(F)F)C(=O)NC1(C#N)CC1
367,CCCc1cc(-c2cccc(C(C)C)c2)nc(C#N)n1
368,N#CC1(NC(=O)[C@@H]2C[C@@H](S(=O)(=O)c3ccc(Cl)cn3)CN2C(=O)C2(c3ncc(Cl)cc3F)CC2)CC1
369,COc1ccc(OC)c(S(=O)(=O)N[C@@H]2C[C@H](C)N(C#N)C2)c1
370,Cc1nc2ccccn2c1C(=O)NNC(=O)Nc1ccccc1
371,CC[C@H](NC(=O)[C@@H]1C[C@@H](S(=O)(=O)c2ccccc2Cl)CN1C(=O)C1(c2ccc(Cl)cc2)CC1)C(=O)C(=O)NCCc1ccc2ccccc2c1
372,CC(=O)N1N=C(C2C(=O)N(C)C(=O)N(C)C2=O)CC1c1ccccc1
373,COc1ccc(-c2cc(=O)[nH][nH]2)cc1
374,Cc1ccc2c(n1)SC/C=C/COc1ccc(cc1Cl)C[C@@H](C(=O)NC1(C#N)CC1)NC2=O
375,COc1cccc(-c2noc(C3CCCN(C(=O)Cc4ccccc4)C3)n2)c1
376,CNC(=O)c1c(NCC2CCC3(CC2)OCCO3)nc(C#N)nc1OCC1CCN(C)CC1
377,COc1ccc(Cl)cc1NC(=O)Nn1cnnc1
378,COc1ccccc1NC1=NC(c2ccc(Cl)cc2)N=C(N)N1
379,CC[C@H](NC(=O)[C@@H]1C[C@@H](S(=O)(=O)c2ccccc2Cl)CN1C(=O)C1(c2ccc(Cl)cc2)CC1)C(=O)C(=O)NCCc1cccc2ccccc12
380,CCn1nc(-c2cccs2)nc2c(=O)n(C)c(=O)nc1-2
381,Cc1c(Cl)cccc1NC(=O)Nn1cnnc1
382,CC(C)C[C@H](NC(=O)CN1CCC(c2ccccc2)CC1)C(=O)N[C@H](C#N)COCc1ccccc1
383,COC(=O)c1cc(Br)c(=O)n(CCc2ccc(F)cc2)c1
384,NC(=S)N/N=C(\c1cc(O)cc(O)c1)c1cc(Br)cc(Br)c1
385,CC(C)CC(C(=O)NCC#N)c1cccc(-c2ccc(C3CCNCC3)cc2)c1
386,CCN(CC)C(=O)CSc1nnc([C@@H](N)Cc2ccccc2)o1
387,CCC(C)[C@H](NS(=O)(=O)c1cccc2ccccc12)C(=O)N[C@H](C=O)Cc1c[nH]c2ccccc12
388,CN1CC(C(=O)N2C[C@H](S(=O)(=O)c3ccccc3Cl)C[C@H]2C(=O)NC2(C#N)CC2)(c2ncc(Br)cc2F)C1
389,O=C(O)C1CC=CCC1C(=O)Nc1cccc(Cl)c1
390,COc1ccc2nc(SCC(=O)Nc3cc(OC)c(OC)cc3C(=O)O)c(C)cc2c1
391,CCCc1cc(-c2cccc(S(C)(=O)=O)c2)nc(C#N)n1
392,O=S(=O)(Nc1nnc(-c2ccccc2)s1)c1ccc(Cl)cc1
393,Cc1cc(SCC#N)n2nc(C)c(-c3ccccc3)c2n1
394,CCCc1cc(-c2ccc(OC(F)(F)F)c(C(F)(F)F)c2)nc(C#N)n1
395,COc1ccc(NC(=O)CSc2nc(O)cc(=O)n2C)cc1
396,NC(=S)NN=C(c1cccc(Br)c1)c1cc(Br)cs1
397,COc1ccc(C[C@@H](C#N)NC(=O)[C@H](CC(C)C)NC(=O)OCc2ccccc2)cc1
398,N#CC1(NC(=O)[C@@H]2CCCC[C@H]2C(=O)N2CCN(c3nc(C4CC4)cs3)CC2)CC1
399,C[C@@H](C=O)NC(=O)[C@H](Cc1ccccc1)NC(=O)OCc1ccccc1
400,O=S(=O)(c1ccccc1F)N(Cc1ccco1)Cc1nnc(-c2ccccc2Br)o1
401,CCOC(=O)c1c(NC(=O)C2C3CCC(O3)C2C(=O)O)sc(C)c1-c1ccc(C)cc1
402,CC(/C=C1\SC(=S)N(C(C(=O)O)c2ccccc2)C1=O)=C\c1ccccc1
403,CC(C)CC(C(=O)NCC#N)c1cccc(-c2ccc(N3CCOCC3)cc2)c1
404,CCc1ccc2c(c1)C(=NNC(N)=S)CCS2
405,Cc1nnc(-c2cccc(CC(NC(=O)c3cc(C(C)(C)C)nn3C)C(=O)NCC#N)c2)o1
406,CC(=O)Nc1ccc(S(=O)(=O)N=C2SCCN2S(=O)(=O)c2ccc(NC(C)=O)cc2)cc1
407,CC[C@H](NC(=O)[C@@H]1C[C@@H](S(=O)(=O)c2ccc(N3CCOCC3)cc2Cl)CN1C(=O)C1(c2ccc(Cl)cc2)CC1)C(=O)C(=O)NC1CC1
408,C[C@@H]1CC[C@H](NC(=O)[C@H](CC2(C)CCCCC2)NC(=O)c2ccco2)C(=O)CN1C(=O)c1ccccn1
409,COc1ccc(OC)c(NS(=O)(=O)Cc2ccccc2)c1
410,CC(=O)Nc1ccc2c(c1)C(=NNC(N)=S)CCS2
411,Cc1cc(=O)[nH]c2c(N=Nc3ccc(O)cc3)c(N)nn12
412,N#Cc1ncc2cc(Cc3ccc(Cl)cc3)n(CCc3ccccc3)c2n1
413,Cn1cc(-c2ccc(S(=O)(=O)[C@@H]3C[C@@H](C(=O)NC4(C#N)CC4)N(C(=O)C4(c5ncc(Br)cc5F)CCN4C(=O)OC(C)(C)C)C3)c(Cl)c2)cn1
414,CC(C)C[C@H](N[C@@H](c1ccc(-c2ccc(S(C)(=O)=O)cc2)cc1)C(F)(F)F)C(=O)NC1(C#N)CC1
415,CC(C)(C)CNc1nc(C#N)ncc1C#CCn1cnc(Cl)c1Cl
416,C1=C(CCNc2ncnc3nc[nH]c23)CCCC1
417,CN1CCN(c2ccc(-c3cccc(C(CC4CC4)C(=O)NCC#N)c3)cc2)CC1
418,Cc1cc(OCC(=O)Nn2cnnc2)ccc1Br
419,CC(C)CNc1nc(C#N)nc(N2CCNCC2)c1N
420,COc1ccc(N2CCN(C(=O)[C@@H]3CCCC[C@H]3C(=O)NC3(C#N)CC3)CC2)cc1OC
421,O=C(O)c1cc2ccccc2cc1Nc1ccc(OCc2ccccc2)c([N+](=O)[O-])c1
422,COc1ccc(C2C(C(=O)NCc3ccccn3)c3cc(OC)c(OC)cc3C(=O)N2C)cc1
423,COc1ccc(S(=O)(=O)n2nc(OC(=O)c3cccs3)cc2N)cc1
424,NC(=S)NN=C1CCSc2c(OC(F)(F)F)cccc21
425,Cc1ccc(-n2c(O)c(C=Nn3cnnc3)c3ccccc3c2=O)cc1
426,CC(NC(=O)c1ccc(OCc2ccccn2)c(C(F)(F)F)c1Cl)C(=O)C(=O)N(C)C
427,Cc1ccc(-n2sc3ccccc3c2=O)cc1
428,N#CC1(NC(=O)[C@H](CS(=O)(=O)CC2CC2)N[C@@H](c2ccc(F)cc2)C(F)(F)F)CC1
429,NC(=S)NN=C(c1cccnc1)c1cccc(Br)c1
430,CN1CCC(CNC(=O)c2cnc(C#N)nc2NCC2CCC3(CC2)CC3)(c2ccccc2)CC1
431,N#Cc1ncc2cc(Cc3ccc(Cl)cc3)n(CCC3CCCCC3)c2n1
432,N#CN1CC(CNC(=O)C2CCCCC2)C1
433,CC1CCN(C(=O)C2CCN(C(=O)c3cc4sccc4n3Cc3ccc(F)cc3)CC2)CC1
434,N#Cc1ccc2c(c1)C(=O)N[C@H](C(=O)NC1(C#N)CC1)Cc1ccc(c(Cl)c1)OC/C=C/CO2
435,O=C(NCCc1ccc(O)c(O)c1)C1COc2ccccc2O1
436,NC(=NN=Cc1ccc(O)cc1O)N[N+](=O)[O-]
437,C[C@H](Oc1ccc(S(=O)(=O)[C@@H]2C[C@@H](C(=O)NC3(C#N)CC3)N(C(=O)C3(c4ncc(Br)cc4F)CCN3C(=O)OC(C)(C)C)C2)c(Cl)c1)C(F)(F)F
438,CCN[C@H](C(=O)N[C@H](C(=O)NCC(=O)NC/C=C/S(C)(=O)=O)C(C)(C)C)c1cc(Cl)cc(Cl)c1
439,COc1ccc(S(=O)(=O)Nc2ccc(CC#N)cc2)cc1
440,COc1cccc(N2CCN(C(=O)[C@@H]3CCCC[C@H]3C(=O)NCC#N)CC2)c1
441,NC(=S)NN=C(CCc1ccccc1)c1cccc(F)c1
442,N#Cc1c(NC(=O)C2CC=CCC2C(=O)O)sc2c1CCCCCC2
443,C[C@H]1C[C@@H](NS(=O)(=O)c2cccc(Br)c2)CN1C#N
444,O=C(NCc1ccc(F)cc1)C1CCC(=O)N1CCc1ccccc1
445,Cc1ccc(C2NC(=O)c3c(sc4c3CCN(C)C4)N2)s1
446,N#Cc1nc(N2CCCCC2)nc(N2CCOCC2)n1
447,N#CC1(NC(=O)[C@@H]2C[C@@H](S(=O)(=O)c3ccccc3Cl)CN2C(=O)C2(c3ncc(Br)cc3F)CNC2)CC1
448,COc1ccc(S(=O)(=O)n2nc(OC(=O)c3ccc(C)cc3)cc2N)cc1
449,CCCc1cc(-c2ccc(C(F)(F)F)cc2)nc(C#N)n1
450,NC(=S)NN=C(c1ccc(Br)cc1)c1ccc(Br)cc1
451,O=C(/C=C/c1cccs1)c1ccc(O)cc1O
452,CC(C)C[C@@H](C(=O)NCC#N)c1cccc(-c2ccc(N3CCN(C(C)(C)C)CC3)cc2)c1
453,CC(C)CC(C(=O)NCC#N)c1cncc(-c2ccccc2)c1
454,Cc1ccccc1C(=NNC(N)=S)c1cccc(Br)c1
455,CC1=C(C)S(=O)(=O)N(c2c(F)c(F)nc(F)c2F)C1=O
456,CC(C)CC(C(=O)NCC#N)c1cccc(-c2ccc3[nH]ccc3c2)c1
457,Cc1cc(C(=O)COC(=O)c2ccc[nH]c2=O)c(C)n1-c1ccc(F)cc1
458,O=C(O)c1ccc(O)c(O)c1
459,CCCc1cc(-c2cccc(C(C)=O)c2)nc(C#N)n1
460,CC1=Nc2nc(CCCO)nn2C(c2cccc(C)c2)C1C(=O)Nc1ccc(F)cc1
461,COC(=O)c1[nH]c2cccc(C)c2c1NC(=O)CN1CCCc2ccccc21
462,COc1ccc(NC(=O)CSc2nc(C)cc(=O)[nH]2)cc1
463,O=C(NCc1ccccc1Br)c1ccco1
464,Cn1cccc1CNCCc1ccccc1F
465,N#CC1(NC(=O)[C@H](CS(=O)(=O)CC2CC2)N[C@@H](c2ccccc2)C(F)(F)F)CC1
466,CN(N=C(c1ccccc1)c1cccc(C(=O)c2ccccc2)c1)C(N)=S
467,Cc1ccc(C(=NNC(N)=S)c2cccc(F)c2)cc1
468,Cc1nccn1CC(=O)N[C@@H](CC(C)C)C(=O)N[C@H](C#N)COCc1ccccc1
469,CC(C)(C)CNc1nc(C#N)ncc1C#CCN1CCc2ccccc2C1
470,CC[C@H](C)CC(C(=O)NCC#N)c1cccc(-c2ccc(N3CCN(C)CC3)cc2)c1
471,NC(=S)NN=C(c1cccc(Br)c1)c1ccccc1Br
472,Cc1nnc(-c2cccc(CC(NC(=O)c3cc(C(C)(C)C)nn3C)C(=O)NCC#N)c2)s1
473,O=C[C@@H](Cc1c[nH]c2ccccc12)NC(=O)[C@H](Cc1ccccc1)NS(=O)(=O)c1cccc2ccccc12
474,N#CCNC(=O)C(Cc1cccc(-c2cccnc2)c1)NC(=O)c1ccccc1
475,COc1ccc(C(=NNC(N)=S)c2cccc(C(=NNC(N)=S)c3ccc(O)cc3)c2)cc1
476,CC[C@H](NC(=O)[C@@H]1C[C@@H](S(=O)(=O)c2ccccc2C(F)(F)F)CN1c1ccccc1[N+](=O)[O-])C(=O)C(=O)NC1CC1
477,N#CC1(NC(=O)[C@@H]2C[C@@H](S(=O)(=O)c3ccc(F)cc3Cl)CN2C(=O)C2(c3ncc(Br)cc3F)CCN2)CC1
478,CCCC(C)NC(=O)C(=O)[C@H](CCC)NC(=O)[C@@H]1C[C@@H](S(=O)(=O)c2ccccc2Cl)CN1C(=O)C1(c2ccc(Cl)cc2)CC1
479,COc1ccc2[nH]c3ccc([N+](=O)[O-])cc3c(=O)c2c1
480,CCCC[C@H](NC(=O)OCC1(CCc2ccccc2)CCC1)C(=O)C(=O)N[C@H](C)c1ccccc1
481,CN1CCC(CCOc2cc(NCC3CCC4(CC3)CC4)nc(C#N)n2)CC1
482,Cc1ncccc1-c1ccc(S(=O)(=O)[C@@H]2C[C@@H](C(=O)NC3(C#N)CC3)N(C(=O)C3(c4ncc(I)cc4F)CC3)C2)c(Cl)c1
483,Cn1nc(C(C)(C)C)cc1C(=O)NC(Cc1cccc(-c2nnc(CN)o2)c1)C(=O)NCC#N
484,COC(=O)CN(n1cnnc1)S(=O)(=O)c1ccccc1Cl
485,COc1ccc(C(=O)N[C@@H](CC(C)C)C(=O)NCCNc2ccc(OCC(C)C)cc2)cc1
486,N#CC1(NC(=O)[C@@H]2Cc3ccc(c(Cl)c3)OCCCCOc3cc(C(F)(F)F)ccc3C(=O)N2)CC1
487,CCOCCCNC(=O)c1cc2c(-c3ccc(Cl)cc3)nn(C)c2s1
488,CCc1ccccc1NC(=O)CSC(=O)NNC(=O)[C@@H](N)Cc1c[nH]c2ccccc12
489,N#CC1(NC(=O)[C@@H]2C[C@@H](S(=O)(=O)c3ccccc3F)CN2C(=O)C2(c3ncc(I)cc3F)CC2)CC1
490,CCC(NC(=O)c1cccc(C(F)(F)F)c1Cl)C(=O)C(=O)Nc1ccn[nH]1
491,O=C(NCCCN1CCCCCC1)c1ccc(CS(=O)(=O)Cc2ccccc2F)o1
492,NC(=S)NN=C(c1ccc(Br)cc1)c1cccc(C(=NNC(N)=S)c2ccc(Br)cc2)c1
493,COC(=O)Sc1nc(N2CCOCC2)c2c(c1C#N)CC(C)(C)OC2
494,COCCOC(=O)c1[nH]c2c(c1C)C(=O)CC(c1ccco1)C2
495,CC(=O)c1c(O)n(-c2ccccc2)c(=S)n(C)c1=O
496,Cc1ccc(C(=NNC(N)=S)c2cccc(Br)c2)cc1
497,Nc1nc2n(n1)C1(CCCCC1)C1CCCCC1=N2
498,CCCCN(CCCNC(=O)CN1C(=O)COc2ccccc21)c1ccccc1
499,Cc1cccc(N2CCN(C(=O)C3CCN(S(=O)(=O)c4c[nH]cn4)CC3)CC2)c1C
500,Cc1ccc(C(=O)Nc2ccc3c(c2)OCO3)cc1S(=O)(=O)N1CCCCC1
501,CCSc1ccccc1C(=O)n1nnc2ccccc21
502,CCCC[C@H](NC(=O)O[C@H](Cc1nnc(-c2ccc(F)cc2)o1)C(C)(C)C)C(=O)C(=O)N[C@H](C)c1ccccc1
503,NC(=S)NN=C1CCS(=O)(=O)c2ccc(F)cc21
504,Oc1ccc(-c2csc(-c3ccccc3)n2)cc1O
505,CS(=O)(=O)c1ccc(-c2ccc([C@H](N[C@H](C(=O)N[C@H](C#N)Cc3ccccc3)C3CC3)C(F)(F)F)cc2)cc1
506,CNCc1ccccc1Sc1ccc(O)c(O)c1
507,CN(C)C(=O)CSc1nnc(C(N)Cc2c[nH]c3ccccc23)o1
508,CCCC[C@H](NC(=O)OCC1(CCCc2ccccc2)CCC1)C(=O)C(=O)N[C@H](C)c1ccccc1
509,CCCc1cc(-c2cccc(C3CCC3)c2)nc(C#N)n1
510,N#CC1(NC(=O)[C@@H]2C[C@@H](S(=O)(=O)c3ncccc3Cl)CN2C(=O)C2(c3ncc(Cl)cc3F)CC2)CC1
511,O=c1c2ccccc2[nH]c2ccc([N+](=O)[O-])cc12
512,Cc1cccc(C[C@H](NC(=O)C(c2ccccc2)c2ccccc2)C(=O)NCC#N)c1
513,COC(=O)c1cc(C)sc1NC(=O)CCCC(=O)O
514,C[C@H](Oc1ccc(S(=O)(=O)[C@@H]2C[C@@H](C(=O)NC3(C#N)CC3)N(C(=O)C3(c4ncc(Br)cc4F)CN(CC(F)(F)F)C3)C2)c(Cl)c1)C(F)(F)F
515,N#Cc1nc(NCc2cccc(-c3ccc4ccccc4c3)c2)c2ncn(CCCO)c2n1
516,COC(=O)c1c(-c2ccc(C)cc2)csc1NC(=O)C1CC=CCC1C(=O)O
517,CC[C@@H](C)[C@H](NC(=O)NC(C)C)C(=O)N[C@@H](C=O)Cc1c[nH]c2ccccc12
518,CC(C)(F)C[C@H](N[C@@H](c1ccc(-c2ccc(-c3ccncc3)cc2)cc1)C(F)(F)F)C(=O)N[C@H](C#N)Cc1ccccc1
519,N#CN1CCC(NC(=O)OCc2ccccc2)C1
520,CC(C)C[C@H](NC(=O)OCc1ccccc1)C(=O)NCCNc1ccc(OCCn2ccnc2)cc1
521,CCCC(C)NC(=O)C(=O)[C@H](CC)NC(=O)[C@@H]1C[C@@H](S(=O)(=O)c2ccccc2Cl)CN1C(=O)C1(c2ccc(Cl)cc2)CC1
522,Cc1ccc(Cl)cc1NC(=O)Nn1cnnc1
523,C[C@H]1CN(c2ccc(S(C)(=O)=O)cc2)CCN1C(=O)[C@@H]1CCCC[C@H]1C(=O)NC1(C#N)CC1
524,COc1cc(Nc2cc(F)c(F)cc2C(=O)O)ccc1OCc1ccccc1
525,COc1ccc(C2=CC(=O)C=CC2=O)cc1
526,Cc1cccc(S(=O)(=O)[C@@H]2C[C@@H](C(=O)NC3(C#N)CC3)N(C(=O)C3(c4ncc(Cl)cc4F)CC3)C2)n1
527,N#CCNC(=O)C1(NC(=O)c2ccc(N3CCOCC3)cc2)CCCCC1
528,NC(=S)NN=C(c1ccc(Br)cc1)c1ccccc1F
529,N#CC1(NC(=O)[C@@H]2CCCC[C@H]2C(=O)N2CCN(c3ccccc3)CC2)CC1
530,O=C(Nc1ccc(Cl)cc1Cl)Nn1cnnc1
531,N#Cc1ncc2cc(Cc3ccc(Cl)cc3)n(CCc3cccc(Cl)c3)c2n1
532,CCN1C(=O)/C(=C2\SC(=S)N(NC(=O)c3ccccc3O)C2=O)c2ccccc21
533,CC(C)C[C@H](NC(=O)c1ccco1)C(=O)N[C@H]1CC[C@@H](C)N(C(=O)c2ccccn2)CC1=O
534,CC(=O)N1CCC(c2ccc(OCc3cc4cnc(C#N)nc4n3CCC3CCCCC3)cc2)CC1
535,COc1ccc(NCCNC(=O)[C@H](CC(C)C)NC(=O)c2cccc(C)c2)cc1
536,N#Cc1nc(NCc2cccc(-c3cc(Cl)cc(Cl)c3)c2)c2ncn(CCCO)c2n1
537,C[C@H](Oc1ccc(S(=O)(=O)[C@@H]2CC(C(=O)NC3(C#N)CC3)N(C(=O)C3(c4ncc(Cl)cc4F)CC3)C2)c(Cl)c1)C(F)(F)F
538,N#CC1C(=N)Oc2c(sc3ccccc23)C1c1ccco1
539,N#CC1(NC(=O)[C@@H]2Cc3ccc(c(I)c3)OC/C=C/COc3ccc(Cl)cc3C(=O)N2)CC1
540,C[C@@H]1CC[C@H](NC(=O)[C@H](CC(C)(C)C)NC(=O)c2ccco2)C(=O)CN1S(=O)(=O)c1ccccn1
541,CC(C)C[C@H](N[C@@H](c1ccc(-c2ccc(S(C)(=O)=O)cc2)cc1)C(F)(F)F)C(=O)NC(C#N)(C1CCC1)C1CCC1
542,CC(C)CC(C(=O)NCC#N)c1cccc(-c2cccc(N3CCNCC3)c2)c1
543,CN1CCN(c2nc(-c3ccc(C(=O)NC4(C(=O)NCC#N)CCCCC4)cc3)cs2)CC1
544,Cc1noc2cc(N3CCN(C(=O)[C@@H]4CCCC[C@H]4C(=O)NC4(C#N)CC4)[C@H](C)C3)ccc12
545,NC(=S)NN=C(c1cccc(Br)c1)c1cc(F)c(F)c(F)c1F
546,N#Cc1ncc2cc(Cc3ccc(Cl)cc3)n(CCC3CCCCCC3)c2n1
547,N#CC1(NC(=O)[C@@H]2Cc3ccc(c(Cl)c3)OC/C=C/COc3ccc(F)cc3C(=O)N2)CC1
548,CCC[C@H](NC(=O)[C@@H]1C[C@@H](S(=O)(=O)c2ccccc2Cl)CN1C(=O)C1(c2ccc(Cl)cc2)CC1)C(=O)C(=O)N(C)C1CC1
549,COc1ccc(C(=O)NCC(=O)NCC#N)cc1C(=O)C(C)(C)c1cc(Cl)cc(Cl)c1
550,NC(=S)NN=C(c1ccc(C(F)(F)F)cc1)c1cccc(Br)c1
551,CC(C)C[C@H](N[C@@H](c1ccc(C(=O)c2ccccc2)cc1)C(F)(F)F)C(=O)NCC#N
552,CN1CCN(c2ccc(-c3cccc(CC(=O)NCC#N)c3)cc2)CC1
553,N#CCNC(=O)[C@@H]1CCCC[C@H]1C(=O)N1CCc2[nH]c3ccc(F)cc3c2C1
554,C[C@@H]1CC[C@H](NC(=O)[C@@H](CC2(C)CCCC2)NC(=O)c2ccco2)C(=O)CN1S(=O)(=O)c1ccccn1
555,CCC(C)[C@@H](NC(=O)OC(C)(C)C)c1nnc(S(=O)(=O)Cc2cccc(C)c2)o1
556,CCCc1cc(-c2ccc(OC)c(C(F)(F)F)c2)nc(C#N)n1
557,N#CCNC(=O)[C@@H]1CCCC[C@H]1C(=O)N1CC=CCC1
558,CS(=O)(=O)c1ccc(-c2ccc([C@H](N[C@@H](CC(Cl)Cl)C(=O)NC(C#N)(C3CC3)C3CC3)C(F)(F)F)cc2)cc1
559,CC(=O)CCc1c(C)c2cccc(C)c2[nH]c1=O
560,Cc1ccc2nc(C(O)C(O)c3nc4ccc(C)cc4[nH]3)[nH]c2c1
561,Cc1cccc(NC(=O)CSc2nc(-c3ccccc3)c(C#N)c(=O)[nH]2)c1C
562,NC(=S)NN=C1CCS(=O)(=O)c2c(Br)cc(F)cc21
563,Cc1cccc(NC(=O)CSc2nnc([C@@H](N)Cc3c[nH]c4ccccc34)o2)c1C
564,COc1ccc(C(=NNC(N)=S)c2cc(OC)c(OC)c(OC)c2)cc1O
565,CC(C)(C)O[C@@H]1NC(=O)[C@H]1NC(=O)[C@H](Cc1ccccc1)NC(=O)OCc1ccccc1
566,N#CC1(NC(=O)[C@@H]2C[C@@H](S(=O)(=O)c3ccccc3Cl)CN2C(=O)C2(c3ccc(Cl)cc3)CC2)CC1
567,N#CN1CC(CNC(=O)c2ccccc2)C1
568,CCCC[C@H](NC(=O)O[C@H](Cn1cnc(-c2ccc(C(F)(F)F)cc2)c1)C(C)(C)C)C(=O)C(=O)Nc1ccn[nH]1
569,N#CC1(NC(=O)[C@@H]2Cc3ccc(c(Cl)c3)OC/C=C/CCN3C[C@@H](F)CC3C(=O)N2)CC1
570,CCCCc1ccc(-c2cc(O)c3ccccc3n2)cc1
571,NC(=S)NN=C(c1cccc(Br)c1)c1cc(O)cc(Br)c1
572,COc1ccc(C(C)(C)C)cc1NC(=O)C1CC=CCC1C(=O)O
573,O=C(COc1ccccc1C(=O)NN=Cc1ccc(O)c(O)c1)NN=Cc1ccc(O)c(O)c1
574,CN(C)CCOc1ccc(C(=O)NCc2ccnc(C#N)n2)cc1C(=O)C(C)(C)c1cc(Cl)cc(Cl)c1
575,CCCC[C@H](NC(=O)O[C@H](Cc1nnc(-c2ccc(F)cc2)o1)C(C)(C)C)C(=O)C(=O)NCc1cccnc1
576,Cc1c(C(=O)Nn2cnnc2)oc2ccccc12
577,COc1ccc(CN2CCN(C(=O)c3ccco3)CC2)cc1
578,Cc1ccccc1-c1cccc(CNc2nc(C#N)nc3c2ncn3CCCO)c1
579,COc1nc(N(C#N)CC(N)=O)nc(N2CCCC2)n1
580,CC(=O)c1c(Nc2ccc(Br)cc2Br)nc2c(Cl)ccc(C)c2c1O
581,N#CCNC(=O)C(Cc1cccc(-c2nncs2)c1)NC(=O)c1ccccc1
582,O=S(=O)(NS1=CC=CCN1S(=O)(=O)c1ccccc1)c1ccccc1
583,NC(=S)NN=C(c1ccccc1)c1cccc(C(O)c2ccccc2)c1
584,CC(C)(F)C[C@H](N[C@@H](c1ccc(-c2ccc(C3(C(N)=O)CC3)cc2)cc1)C(F)(F)F)C(=O)N[C@H](C#N)Cc1ccccc1
585,Cc1cccc(O[C@H]2CCN3C[C@H]2OC3=O)c1C
586,N#CN1CCC1
587,Cc1ccc(-c2cc(=O)[nH][nH]2)c(C)c1
588,N#CC1(NC(=O)[C@@H]2C[C@@H](Sc3cccc(-c4ccc(F)cc4)c3)CN2C(=O)C2(c3ncc(Cl)cc3F)CC2)CC1
589,NC(=S)NN=C(c1ccc(F)cc1)c1ccc(F)cc1
590,COc1cc(C(=O)O)c(Nc2ccc(OCc3ccccc3)c([N+](=O)[O-])c2)c(OC)c1OC
591,C=c1[nH][nH]c(=O)c1=Cc1cn(-c2ccccc2)nc1-c1ccc(F)cc1
592,N#CC1(NC(=O)[C@@H]2CCCC[C@H]2C(=O)N2CCN(c3nc4c(s3)COCC4)CC2)CC1
593,CN1CCN(Cc2ccc(CCNC(=O)c3cnc(C#N)nc3NCC(C)(C)C)cc2)CC1
594,C[C@@H]1CN(c2ccc3c(c2)OCO3)CCN1C(=O)[C@@H]1CCCC[C@H]1C(=O)NC1(C#N)CC1
595,N#CC1(NC(=O)[C@@H]2Cc3ccc(c(Cl)c3)OCCCCOc3cc4c(cc3C(=O)N2)CCCC4)CC1
596,NC(=S)NN=C1CCSc2ccc(Br)cc21
597,CNC(=O)c1c(NCC2CCC3(CCC3)CC2)nc(C#N)nc1OCC1CCN(C(C)C)CC1
598,CCCC[C@H](NC(=O)O[C@H]1CCc2ccccc21)C(=O)C(=O)N[C@H](C)c1ccccc1
599,CCOC(=O)c1[nH]c(C)c(C(=O)N2CCC3(CC2)OCCO3)c1C
600,N#Cc1ncc2cc(Cc3ccc(Cl)cc3)n(CC3CCCCC3)c2n1
601,O=C(N[C@@H](Cc1ccccc1)C(=O)N[C@@H]1C(=O)N[C@H]1OCc1ccccc1)OCc1ccccc1
602,O=C(CN1CCCN(S(=O)(=O)c2ccc(Br)cc2)CC1)Nc1ccc2c(c1)OCO2
603,Cc1ccc2c(c1)C(=NNC(N)=S)CCS2(=O)=O
604,CC(C)(C)OC(=O)N1CC(C(=O)N2C[C@H](S(=O)(=O)c3ccccc3Cl)C[C@H]2C(=O)NC2(C#N)CC2)(c2ncc(Cl)cc2F)C1
605,CCOc1ccc(NC(=O)Nc2ccc3nccnc3c2)cc1
606,CS(=O)(=O)c1ccc2c(c1)sc1nc(=O)c(/C=C3/C=CC(=O)C(O)=C3)c(N)n12
607,CC(=O)N1CCN(c2ccc(OCc3cc4cnc(C#N)nc4n3CCC3CCCCC3)c(F)c2)CC1
608,CN1CCN(C(=O)[C@@H]2CCCC[C@H]2C(=O)NCC#N)CC1
609,CSc1ccc2c(c1)C(=NNC(N)=S)CCS2
610,N#CC1(NC(=O)[C@@H]2Cc3ccc(c(Cl)c3)OCCCCOc3ccc(F)c(F)c3C(=O)N2)CC1
611,N#CC1(NC(=O)[C@@H]2C[C@@H](S(=O)(=O)c3ccc(OCC(F)(F)F)cc3Cl)CN2C(=O)C2(c3ccc(Br)cn3)CN(CC(F)F)C2)CC1
612,COc1ccc2c(c1)C1(CCNCC1)C(=O)N2Cc1cc2cnc(C#N)nc2n1CC(C)(C)C
613,CC[C@@H](C)[C@H](NS(=O)(=O)c1ccc(C)cc1)C(=O)N[C@@H](C=O)Cc1c[nH]c2ccccc12
614,CCCC[C@@H](C=O)NC(=O)O[C@@H](CC)Cc1ccccc1
615,C[C@@](NC(=O)c1ccsc1)(c1cn(C2(C#N)CC2)nn1)[C@H]1CC[C@H](C)CC1
616,N#Cc1ncc2cc(Cc3ccc(Cl)cc3)n(CCCC3CCCCC3)c2n1
617,CC1=C(c2ccccc2)C(=O)N(c2c(F)c(F)nc(F)c2F)S1(=O)=O
618,CC(C)[C@H](NC(=O)OCc1ccccc1)C(=O)NC(C=O)Cc1ccccc1
619,O=C(O)CC12CSc3[nH]c(=O)sc3C1c1ccccc1OC2=O
620,COc1ccc(Cl)c(Cn2c(NCCCO)nc3c2c(=O)n(C)c(=O)n3C)c1
621,Oc1cc(-c2ccco2)nc2ccccc12
622,CC(C)C[C@H](N[C@@H](c1ccc(-c2cccc(F)c2)cc1)C(F)(F)F)C(=O)NCC#N
623,Cc1nnc(NNS(=O)(=O)c2ccc(Cl)cc2)[nH]c1=O
624,N#CC1(NC(=O)[C@@H]2Cc3ccc(c(Cl)c3)OC/C=C/COc3ccc(C4CNC4)cc3C(=O)N2)CC1
625,O=C1C2=C(CCCC2)S(=O)(=O)N1c1c(F)c(F)nc(F)c1F
626,CNC(=O)c1c(NCC2CCC3(CC2)CC3)nc(C#N)nc1OCCC1CCN(C)CC1
627,Cc1nc2ccc(S(=O)(=O)NCC(=O)NCCN3CCCCCC3)cc2s1
628,N#Cc1ccc(-c2ccc(C[C@@H](C#N)NC(=O)[C@@H]3CCCCN3)cc2)cc1
629,O=C(Nn1c(Cc2cccs2)nc2ccccc2c1=O)c1cccs1
630,CC(C)C[C@H](NC(=O)c1ccco1)C(=O)N[C@H]1CC[C@@H](C)N(S(=O)(=O)c2ccccn2)CC1=O
631,CCCC[C@@H](C=NNC(=O)N1CCOCC1)NC(=O)O[C@@H](C)Cc1ccccc1
632,CCOC(=O)c1c(NC(=O)C2C3C=CC(C3)C2C(=O)O)sc2c1CCC(CC)C2
633,CN1CCN(CCn2cnc3c(NC4CCCCC4)nc(C#N)nc32)CC1
634,Nc1cc(OC(=O)c2ccco2)nn1S(=O)(=O)c1ccc(F)cc1
635,N#CCNC(=O)C1(NC(c2ccc(-c3ccc(N4CCNCC4)cc3)cc2)C(F)(F)F)CCCCC1
636,Oc1cc(-c2ccc(F)cc2)nc2ccccc12
637,Cc1ccc(-c2cc(O)c3ccccc3n2)cc1
638,CCC[C@H](NC(=O)[C@@H]1C[C@@H](S(=O)(=O)c2ccccc2Cl)CN1C(=O)C1(c2ccc(Cl)cc2)CC1)C(=O)C(=O)NC1CC1
639,N#Cc1nc(CCCN2CCCCC2)cc(-c2cccc(C(F)(F)F)c2)n1
640,N#Cc1ncc2cc(Cc3ccc(Cl)cc3)n(CCc3ccc(Cl)cc3)c2n1
641,O=C(O)C1CC=CCC1C(=O)Nc1cc(Cl)ccc1Cl
642,NC(=S)NN=C1CCS(=O)(=O)c2ccc([N+](=O)[O-])cc21
643,COCCN(C)CCn1cnc2c(NC3CCCCC3)nc(C#N)nc21
644,NC(=S)NN=C(CCc1ccccc1)c1cccc(Cl)c1
645,N#Cc1ncc(C(=O)N[C@@H](Cc2ccccc2)CN2CCCC2)c(NCC2CCC3(CC2)CC3)n1
646,CCc1ccc2c(c1)C(=NNC(N)=S)CCS2(=O)=O
647,N#Cc1ncc2cc(COc3ccc(C(N)=O)cc3)n(CCC3CCCCC3)c2n1
648,COc1ccc(S(=O)(=O)N2CCN(CC#Cc3cnc(C#N)nc3NCC(C)(C)C)CC2)cc1
649,N#CC1(NC(=O)[C@@H]2C[C@@H](S(=O)(=O)c3ccc(OCC(F)(F)F)cc3Cl)CN2C(=O)C2(c3ccc(Cl)cn3)CC2)CC1
650,CS(=O)(=O)c1ccc(-c2ccc([C@H](N[C@@H](Cc3ccccc3)C(=O)N[C@H](C#N)Cc3ccccc3)C(F)(F)F)cc2)cc1
651,CC(C)C[C@H](NC(=O)OCc1ccccc1)C(=O)NCCNc1ccc(OC2CCN(C)CC2)cc1
652,Cc1ccc(NC(=O)CSc2nnc(C)c(=O)[nH]2)cc1C
653,CC(C)C[C@H](CC(=O)NO)C(=O)N[C@@H](Cc1ccccc1)C(=O)N[C@H](C=O)CC(C)C
654,CC[C@H](NC(=O)[C@@H]1C[C@@H](S(=O)(=O)c2ccccc2Cl)CN1C(=O)C1(c2ccc(Br)cc2)CC1)C(=O)C(=O)NC1CC1
655,CC[C@H](NC(=O)[C@@H]1C[C@@H](S(=O)(=O)c2ccccc2Cl)CN1C(=O)C1(c2ccc(Cl)cc2)CC1)C(=O)C(=O)NC1CC1
656,CCCCO[C@@H]1NC(=O)[C@H]1NC(=O)[C@H](Cc1ccccc1)NC(=O)OCc1ccccc1
657,COc1cccc(CCNC(=O)c2cnc(C#N)nc2NC2CCCCC2)c1
658,O=C(CSc1nc2ccccc2c(=O)[nH]1)c1ccc(O)c(O)c1
659,CN1CCC(CCOc2ccc(-c3cc4c(ncn4C)c(C#N)n3)cc2C(F)(F)F)CC1
660,N#CCNC(=O)[C@@H]1CCCC[C@H]1C(=O)N1CCCCC1
661,CN(C)CCNC(=O)c1cc2c(=O)n(C)c3ccccc3c2n1C
662,CN1CCC(COc2nc(C#N)nc(NCC3CCC4(CC3)CC4)c2C(=O)NCc2ccccc2)CC1
663,CSCC[C@H](NC(=O)[C@H](CC(C)C)N[C@@H](c1ccc(-c2ccc(S(C)(=O)=O)cc2)cc1)C(F)(F)F)C(N)=O
664,CC(C)CCNC(=O)[C@H](CC(C)C)NC(=O)[C@H]1O[C@@H]1C(=O)O
665,CCCC[C@H](NC(=O)O[C@H](Cn1ccc(-c2ccc(C(F)(F)F)cc2)n1)C(C)(C)C)C(=O)C(=O)Nc1ccn[nH]1
666,COc1ccccc1S(=O)(=O)Cc1ccc(C(=O)NCCN2CCCCCC2)o1
667,CC(C)(C)OC(=O)N1CC(C(=O)N2C[C@H](S(=O)(=O)c3ccccc3Cl)C[C@H]2C(=O)NC2(C#N)CC2)(c2ncc(Br)cc2F)C1
668,N#CN1CC[C@@H](NS(=O)(=O)c2cccc(Br)c2)C1
669,Cc1ccc(Nc2nnc(SC3CCOC3=O)s2)c(C)c1
670,CC(C)C[C@H](N[C@@H](c1ccc(-c2cccc3[nH]cnc23)cc1)C(F)(F)F)C(=O)NCC#N
671,COc1ccc(OC)c(S(=O)(=O)N[C@@H]2CCN(C#N)C2)c1
672,O=C(NCCN1CCC2(CC1)C(=O)NCN2c1cccc(F)c1)c1ccc(F)c(F)c1
673,O=c1[nH]c(CSc2nnc[nH]2)nc2ccccc12
674,CCc1ccc(-c2cc(O)c3ccccc3n2)cc1
675,CC(C)C[C@H](N[C@@H](c1ccc(-c2ccc(S(C)(=O)=O)cc2)cc1)C(F)(F)F)C(=O)N[C@@H](C)C#N
676,CCCS(=O)(=O)N1CCC(C(=O)NCc2ccc3c(c2)OCO3)CC1
677,COc1ccc2nc(N=CN(C)C)sc2c1
678,CCCCc1c(O)nc(SCC(=O)Nc2ccc3c(c2)CCC3)[nH]c1=O
679,N#CC1(NC(=O)[C@@H]2Cc3ccc(c(Cl)c3)OCCCCOc3ccc(C(F)(F)F)cc3C(=O)N2)CC1
680,CS(=O)(=O)C[C@H](N[C@@H](c1ccc(F)cc1)C(F)(F)F)C(=O)NC1(C#N)CC1
681,N#CC1(NC(=O)[C@@H]2Cc3ccc(cc3)OC/C=C/COc3cccc(c3)C(=O)N2)CC1
682,NC(=S)NN=C(c1cccc(Br)c1)c1ccccc1F
683,NC(=S)NN=C(C=Cc1ccccc1)c1cccc(C(F)(F)F)c1
684,C[C@@](Cc1ccccc1)(CN1CCCC1)NC(=O)c1cnc(C#N)nc1NCC1CCC2(CC1)CC2
685,C[C@@H]1CN(c2ccccc2)CCN1C(=O)[C@@H]1CCCC[C@H]1C(=O)NCC#N
686,O=C(c1cncc(Br)c1)N1CCN(c2ccc(N3CCOCC3)nn2)CC1
687,N#CC1(NC(=O)[C@H](CS(=O)(=O)Cc2ccc(F)cc2)N[C@@H](c2ccccc2)C(F)(F)F)CC1
688,Cc1ccc(Cn2c(-c3nonc3N)nc3ccccc32)cc1
689,CC(C)C[C@@H](C(=O)NCC#N)c1cccc(-c2ccc(N3CCNCC3)cc2)c1
690,CN(C(=O)C1CCOC1)c1nnc(-c2cccnc2)s1
691,CC(C)CC(C(=O)NCC#N)c1cccc(-c2ccccc2)c1
692,CC(C)C[C@@H](C(=O)NCC#N)c1cccc(-c2ccc(N3CCN(CCO)CC3)cc2)c1
693,CC(C)CS(=O)(=O)C[C@H](N[C@@H](c1ccc(F)cc1)C(F)(F)F)C(=O)NC1(C#N)CC1
694,O=C(NCc1ccco1)C1CCCN(S(=O)(=O)c2cccc3nonc23)C1
695,CS(=O)(=O)c1ccc2nc(N3CCN(C(=O)[C@@H]4CCCC[C@H]4C(=O)NC4(C#N)CC4)CC3)sc2c1
696,O=C(Nc1cccc([N+](=O)[O-])c1)Nn1cnnc1
697,CC[C@H](NC(=O)[C@@H]1C[C@@H](S(=O)(=O)c2ccccc2Cl)CN1C(=O)C1(c2ccc(Cl)cc2)CC1)C(=O)C(=O)NCCOC
698,N#Cc1ncc2cc(COc3ccccn3)n(CCC3CCCCC3)c2n1
699,CCOc1nc(C#N)nc(N2CCCCC2)n1
700,CCC[C@H](NC(=O)[C@@H]1C[C@@H](S(=O)(=O)c2ccc(N3CCOCC3)cc2Cl)CN1C(=O)C1(c2ccc(Cl)cc2)CC1)C(=O)C(=O)NC1CC1
701,CC(C)(C)OC(=O)N1CCC1(C(=O)N1C[C@H](S(=O)(=O)c2ccc(F)cc2Cl)C[C@H]1C(=O)NC1(C#N)CC1)c1ncc(Br)cc1F
702,N#CC1(NC(=O)[C@@H]2C[C@@H](S(=O)(=O)c3ccccc3-n3ccnn3)CN2C(=O)C2(c3ncc(I)cc3F)CC2)CC1
703,COc1ccc(-c2cccc(CNc3nc(C#N)nc4c3ncn4CCCO)c2)cc1
704,CC(C)C[C@H](N[C@@H](c1ccc(-c2ccc(F)c(F)c2)cc1)C(F)(F)F)C(=O)NCC#N
705,CCNC(=O)C(=O)[C@H](CC)NC(=O)[C@@H]1C[C@@H](S(=O)(=O)c2ccccc2Cl)CN1C(=O)C1(c2ccc(Cl)cc2)CC1
706,Cc1ccc(C)c(NC(=O)CSc2nnc([C@@H](N)Cc3c[nH]c4ccccc34)o2)c1
707,N#CC1(NC(=O)[C@@H]2C[C@@H](S(=O)(=O)c3ccccc3Cl)CN2C(=O)C2(c3ncc(Cl)cc3F)CC2)CC1
708,CC(C)(C)CCn1c(Cc2ccc(Cl)cc2)cc2cnc(C#N)nc21
709,COc1ccc(CCNC(=O)c2cnc(C#N)nc2NCC(C)(C)C)cc1OCCn1ccnc1
710,Cc1noc(C)c1CN1CCC(CCOc2ccc(-c3cc4c(ncn4C)c(C#N)n3)cc2C(F)(F)F)CC1
711,N#CC1(NC(=O)[C@@H]2CCCC[C@H]2C(=O)N2CCN(c3nc4ccccc4s3)CC2)CC1
712,COC(=O)c1cccc(-c2cccc(CNc3nc(C#N)nc4c3ncn4CCCO)c2)c1
713,COc1ccc(OC)c(/N=c2\oc3c(OC)cccc3cc2C(=O)NCc2ccco2)c1
714,C[C@@H]1CC[C@H](NC(=O)[C@H](CC23CCC(CC2)C3(C)C)NC(=O)N2CCOCC2)C(=O)CN1S(=O)(=O)c1ccccn1
715,COc1ccc(CCNC(=O)c2cnc(C#N)nc2NC2CCCCC2)cc1
716,O=C(Nc1cc(Cl)ccc1Cl)Nn1cnnc1
717,CCCCc1[nH]nc2c1C1(C(=O)N(CC)c3ccccc31)C(C#N)C(=N)O2
718,Cn1cc(-c2ccc(S(=O)(=O)[C@@H]3C[C@@H](C(=O)NC4(C#N)CC4)N(C(=O)C4(c5ncc(Cl)cc5F)CC4)C3)c(Cl)c2)cn1
719,N#Cc1ccc(-c2ccc(C[C@@H](C#N)NC(=O)C3(N)CCOCC3)cc2)cc1
720,Cc1ccc(NC(=S)Nn2cnnc2)c(C)c1
721,Cc1cccc(C[C@H](Nc2ccccc2)C(=O)N[C@H](C#N)COCc2ccccc2)c1
722,CSC[C@H](N[C@@H](c1ccc(Br)cc1)C(F)(F)F)C(=O)NC1(C#N)CC1
723,O=C(O)c1cc([N+](=O)[O-])ccc1Nc1cccc(OCc2ccccc2)c1
724,N#C[C@]1(NC(=O)[C@@H]([NH3+])Cc2ccccc2F)C[C@H]1c1ccccc1
725,CN(C)C(=O)CN1CCC(CCOc2ccc(-c3cc4c(ncn4C)c(C#N)n3)cc2C(F)(F)F)CC1
726,Oc1ccc(-c2cn3c(n2)SCC3)cc1O
727,COc1ccc(Cc2cc3cnc(C#N)nc3n2CCC2CCCCC2)cc1
728,NC(=S)N/N=C(\c1ccc(F)cc1)c1cccc(C(=O)c2ccc(F)cc2)c1
729,NC(=S)NN=C(c1cccc(Br)c1)C1CCCCC1
730,COC(=O)c1cccc(NC(=O)CSc2nc(C)cc(=O)[nH]2)c1
731,CCCC[C@H](NC(=O)OC1C2CC3CC(C2)CC1C3)C(=O)C(=O)N[C@H](C)c1ccccc1
732,O=C(NCc1cccnc1)NC1(C(F)(F)F)Oc2ccc(Cl)cc2O1
733,Cc1cccc(C[C@H](Nc2ccccc2)C(=O)N[C@H](C#N)COCc2ccc(Cl)c(C(=O)O)c2)c1
734,CC(C)C[C@H](CC(=O)NO)C(=O)N[C@@H](Cc1ccccc1)C(=O)NCC=O
735,Cc1ccc(SCc2cc(=O)[nH][nH]2)cc1
736,N#Cc1nc(NC2CCCCC2)c2ncn([C@@H]3O[C@H](O)[C@@H](O)[C@H]3O)c2n1
737,NC(=S)NN=C1CCS(=O)(=O)c2ccc(C(F)(F)F)cc21
738,N#CC1(NC(=O)[C@@H]2C[C@@H](S(=O)(=O)c3ccccc3Cl)CN2C(=O)C2(c3ccc(I)cc3)CC2)CC1
739,CC[C@@H](C)[C@H](NC(=O)OCc1ccccc1)C(=O)N[C@@H](C=O)Cc1c[nH]c2ccccc12
740,Nc1nonc1C(=O)OCC(=O)N1CCOCC1
741,CC(C)C[C@H](N[C@@H](c1ccc(-c2ccc(S(C)(=O)=O)cc2)cc1)C(F)(F)F)C(=O)N[C@@H](C#N)Cc1ccccc1
742,C[C@H](NC(=O)[C@@H]1C[C@@H](S(=O)(=O)c2ccccc2Cl)CN1C(=O)C1(c2ccc(Cl)cc2)CC1)C(=O)C(=O)NC1CC1
743,N#CCNC(=O)C(Cc1cccc(-c2cc[nH]n2)c1)NC(=O)c1ccccc1
744,NC(=S)NN=C(c1cccc(Cl)c1)c1cccc(Br)c1
745,C[C@@H]1CN(c2ccc(S(C)(=O)=O)cc2)C[C@H](C)N1C(=O)[C@@H]1CCCC[C@H]1C(=O)NC1(C#N)CC1
746,CC(C)(C)CCCn1c(Cc2ccc(Cl)cc2)cc2cnc(C#N)nc21
747,CCN(C#N)CC
748,CCC[C@H](NC(=O)[C@@H]1C[C@@H](S(=O)(=O)c2ccccc2Cl)CN1C(=O)C1(c2ccc(Cl)cc2)CC1)C(=O)C(=O)NC(C)C
749,O=C(O)c1ccccc1Nc1cccc(OCc2ccccc2)c1
750,c1ccc2c(c1)OCC(CNc1ncnc3nc[nH]c13)O2
751,NC(=S)NN=C1CCSc2c(F)cc(Br)cc21
752,N#CCNC(=O)[C@H](Cc1ccccc1)NC(=O)Cc1ccccc1
753,CN1CCN(c2ccc(-c3cccc(C(CC4CCC4)C(=O)NCC#N)c3)cc2)CC1
754,CCC[C@H](NC(=O)[C@@H]1C[C@@H](S(=O)(=O)c2ccc(Cl)cc2Cl)CN1C(=O)C1(c2ccc(Cl)cc2)CC1)C(=O)C(=O)NC1CC1
755,Cc1cc(-c2ccc(S(=O)(=O)[C@@H]3C[C@@H](C(=O)NC4(C#N)CC4)N(C(=O)C4(c5ncc(Br)cc5F)CCN4C(=O)OC(C)(C)C)C3)c(Cl)c2)ccn1
756,CC(C)(F)C[C@H](N[C@@H](c1ccc(-c2cn[nH]c2)cc1)C(F)(F)F)C(=O)N[C@H](C#N)Cc1ccccc1
757,CCc1ccccc1NC(=O)CSC(=O)NNC(=O)[C@H](Cc1c[nH]c2ccccc12)NC(=O)OC(C)(C)C
758,O=CN/C=C/c1cc(O)ccc1O
759,COc1ccc(NCCNC(=O)[C@H](CC(C)C)NC(=O)c2cccc(OC)c2)cc1
760,COc1ccc2nc(C)cc(SCC(=O)NN=Cc3ccc(O)c(O)c3)c2c1
761,CCN(CC)c1ccc(NC(=O)CSc2nnc(N)s2)cc1C
762,CC(COc1ccccc1)=NN=c1sc(C(C)C)c(O)n1C
763,Cc1cccc(C(=O)c2cccc(C(=NNC(N)=S)c3cccc(C)c3)c2)c1
764,CNC(=O)c1c(NCC2CCC3(CCC3)CC2)nc(C#N)nc1OCCO
765,Cn1c(Cn2nnc3ccccc32)nnc1SCC(=O)N1c2ccccc2Sc2ccccc21
766,N#CC1(NC(=O)[C@@H]2C[C@@H](S(=O)(=O)c3ccccc3Cl)CN2C(=O)C2(c3ccc(Br)cc3F)CC2)CC1
767,N#Cc1ncc2cc(COc3ccc(C(=O)O)cc3)n(CCC3CCCCC3)c2n1
768,NC(=S)NN=C(c1cccc(O)c1)c1cccc(Br)c1
769,N#CC1(NC(=O)[C@@H]2C[C@@H](S(=O)(=O)c3cc(C(F)(F)F)ccc3Cl)CN2C(=O)C2(c3ncc(Cl)cc3F)CC2)CC1
770,CC[C@H](C(=O)N[C@H]1CCN(CC(=O)NC/C=C/S(C)(=O)=O)C1=O)c1cc(Cl)cc(Cl)c1
771,Cc1cc(C)cc(CC(NC(=O)C(c2ccccc2)c2ccccc2)C(=O)NCC#N)c1
772,CCC[C@H](NC(=O)[C@@H]1C[C@@H](S(=O)(=O)c2ccc(O[C@@H](C)C(F)(F)F)cc2Cl)CN1C(=O)C1(c2ccc(Cl)cc2)CC1)C(=O)C(=O)NC1CC1
773,Cc1nc(NC2CCCCC2)c2ncn([C@@H]3O[C@H](O)[C@@H](O)[C@H]3O)c2n1
774,CC(C)C[C@H](N[C@@H](c1ccc(-c2ccc(S(N)(=O)=O)cc2)cc1)C(F)(F)F)C(=O)NCC#N
775,CCc1ccccc1NC(=S)Nn1cnnc1
776,CCOc1cc(C=Nn2cnnc2)c(Br)cc1O
777,CC(C)C[C@H](NC(=O)[C@@H]1O[C@H]1C(=O)O)C(=O)NCCCCN=C(N)N
778,CC(C)(C)OC(=O)N[C@@H](Cc1c[nH]c2ccccc12)C(=O)NNC(=O)SCC(=O)N1CCCc2ccccc21
779,CCn1nc(-c2ccccc2)nc2c(=O)n(C)c(=O)nc1-2
780,O=c1c2cc(OCc3ccccc3)ccc2[nH]c2cc(F)c(F)cc12
781,NC(=S)NN=C(c1cccc(Br)c1)c1ccc(Br)s1
782,COc1ccc2c(c1)C(=O)N[C@H](C(=O)NC1(C#N)CC1)Cc1ccc(c(Cl)c1)OCCCCO2
783,CCCC[C@H](NC(=O)O[C@H](Cn1cnc(-c2ccc(C(F)(F)F)cc2)c1)C(C)(C)C)C(=O)C(=O)Nc1nccs1
784,N#CC1(NC(=O)[C@@H]2CCCC[C@H]2C(=O)N2CCN(c3nc4ccncc4s3)CC2)CC1
785,Cc1noc(-c2ccc([C@H](N[C@@H](CC(C)C)C(=O)NCC#N)C(F)(F)F)cc2)n1
786,COc1cc(NC(=O)c2cnc(C#N)nc2NCC2CCC3(CC2)CC3)c(-c2ccccc2)cc1OC
787,N#CC1(NC(=O)[C@@H]2C[C@@H](S(=O)(=O)c3ccc(OCC(F)(F)F)cc3Cl)CN2C(=O)C2(c3ccc(Cl)cn3)CNC2)CC1
788,O=C(NCc1ccc2c(c1)OCO2)C1CCN(S(=O)(=O)c2ccc(Br)s2)CC1
789,O=C(NCCC1=CCCCC1)C1CCN(S(=O)(=O)c2ccc(Br)s2)CC1
790,CC[C@H](NC(=O)[C@@H]1C[C@@H](S(=O)(=O)c2ccccc2Cl)CN1C(=O)C1(c2ccc(Cl)cc2)CC1)C(=O)C(=O)NCc1cccc2ccccc12
791,NC(=S)NN=C(c1ccccc1)c1ccccc1F
792,COc1ccc(CCNC(=O)c2cnc(C#N)nc2NCC(C)(C)C)cc1
793,COc1ccccc1-c1nc2ccccc2c(=O)n1NC(=O)c1cccs1
794,CC(COc1ccccc1)=NN=C1SC(C(C)C)C(=O)N1c1ccccc1
795,O=C(/C=C/c1ccco1)c1ccc(O)cc1O
796,O=CC(Cc1ccccc1)NC(=O)C(Cc1ccccc1)NC(=O)OCc1ccccc1
797,CCc1ccccc1NC(=O)CSC(=O)NNC(=O)[C@H](Cc1ccccc1)NC(=O)OC(C)(C)C
798,CC(=O)N1CCN(c2ccc(OCc3cc4cnc(C#N)nc4n3CCC3CCCC3)cc2)CC1
799,CC(C)C[C@H](NC(=O)OCc1ccccc1)C(=O)NCCNc1ccc(OC2CCOCC2)cc1
800,CC1(C)CC(=O)c2c(oc3cc(O)c(O)cc23)C1
801,O=C(CSc1nccc(=O)[nH]1)Nc1ccc(F)c(Cl)c1
802,N#Cc1ccc(-c2ccc(C[C@@H](C#N)NC(=O)[C@@H]3C[C@@H](O)CCN3)cc2)cc1
803,N#CC1(NC(=O)[C@H](CS(=O)(=O)c2ccc(Br)cc2)N[C@@H](c2ccccc2)C(F)(F)F)CC1
804,O=C(O)c1cc(F)c(F)cc1Nc1ccc(OCc2ccccc2)c([N+](=O)[O-])c1
805,CC[C@H](NC(=O)[C@@H]1C[C@@H](S(=O)(=O)c2ccccc2Cl)CN1C(=O)C1(c2ccc(Br)cc2F)CC1)C(=O)C(=O)NC1CC1
806,CCN1CCN(CCCOc2ccc(-c3cc4c(ncn4C)c(C#N)n3)cc2C(F)(F)F)CC1
807,CCN(CC)C(=O)C1CCCN(C(=O)Nc2ccc3nsnc3c2)C1
808,CCCCOc1ccc(C2C3CN(C(=O)OCC)CCC3=C(C#N)C(=N)C2(C#N)C#N)cc1OC
809,CCCCNC(=O)C(=O)[C@H](CCC)NC(=O)[C@@H]1C[C@@H](S(=O)(=O)c2ccccc2Cl)CN1C(=O)C1(c2ccc(Cl)cc2)CC1
810,CC(C)c1ccc(NC(=O)C2CCCCC2C(=O)O)cc1
811,CC(=O)O[C@@H]1NC(=O)[C@H]1NC(=O)[C@H](Cc1ccccc1)NC(=O)OCc1ccccc1
812,O=C(N[C@@H](Cc1ccccc1)C(=O)N[C@@H]1C(=O)N[C@H]1OC(=O)c1ccccc1)OCc1ccccc1
813,Cc1ccc(-n2c(C)cc(C(=O)COC(=O)c3ccc[nH]c3=O)c2C)cc1C
814,Cc1csc2nc(CNS(=O)(=O)N(C)C)cn12
815,CCCC[C@H](NC(=O)O[C@H](Cn1ccc(-c2ccncc2)n1)C(C)(C)C)C(=O)CNS(=O)(=O)c1ccccn1
816,Nc1nonc1-c1noc(N2CCCCC2)n1
817,CCCCOc1ccc(-c2cc(O)c3ccccc3n2)cc1
818,O=C(O)c1ccccc1NS(=O)(=O)c1ccccc1C(F)(F)F
819,CS(=O)(=O)C[C@H](N[C@@H](c1ccc(Br)cc1)C(F)(F)F)C(=O)NC1(C#N)CC1
820,CC(C)(C)OC(=O)N1CCC1(C(=O)N1C[C@H](S(=O)(=O)c2ccc(F)cc2Cl)C[C@H]1C(=O)NC1(C#N)CC1)c1ncc(Cl)cc1F
821,CC(C)C[C@H](NC(=O)c1cc2ccccc2n1C)C(=O)N[C@H](C#N)COCc1ccccc1
822,O=C(Nn1c(C2CCC2)nc2ccccc2c1=O)c1cccs1
823,C[C@H](NC(=O)O[C@H](Cn1cnc2cc(Cl)c(Cl)cc21)C(C)(C)C)C(=O)CNS(=O)(=O)c1ccccn1
824,N#CCNC(=O)C(Cc1cccc(-c2ccccn2)c1)NC(=O)c1ccccc1
825,COc1ccc(C(=O)c2n[o+]n([O-])c2C(=O)c2ccc(OC)cc2)cc1
826,N#CC1(NC(=O)[C@@H]2C[C@@H](S(=O)(=O)c3ccc(F)cc3Cl)CN2C(=O)C2(c3ncc(Cl)cc3F)CCN2)CC1
827,O=C1/C(=C/c2cccs2)SC(=S)N1NS(=O)(=O)c1ccccc1
828,CC(C)C[C@H](NC(=O)C(C)(C)Oc1ccc(Cl)cc1)C(=O)N[C@H](C#N)COCc1ccccc1
829,CCCC[C@H](NC(=O)OC1C2(C)CCC(C2)C1(C)C)C(=O)C(=O)N[C@H](C)c1ccccc1
830,CCOC(=O)CSc1nnc(Cc2ccccc2)n1Cc1ccco1
831,N#CC1(NC(=O)[C@@H]2Cc3ccc(c(Cl)c3)OCCCCOc3ccccc3C(=O)N2)CC1
832,N#CC1(NC(=O)[C@@H]2Cc3ccc(cc3)OC/C=C/COc3ccccc3C(=O)N2)CC1
833,CC(C)(C#N)n1cc([C@@](C)(NC(=O)c2ccsc2)[C@H]2CC[C@H](C)CC2)nn1
834,CCCC[C@@H](C=O)NC(=O)OC1(Cc2ccccc2)CCCC1
835,CCN(CC)CCNC(=O)c1cc2c(=O)n(C)c3ccccc3c2n1C
836,CCCc1cc(-c2cccc(C(F)(F)F)c2)nc(C#N)n1
837,Cn1cc(-c2ccc(S(=O)(=O)[C@@H]3C[C@@H](C(=O)NC4(C#N)CC4)N(C(=O)C4(c5ncc(C(F)(F)F)cc5F)CC4)C3)c(Cl)c2)cn1
838,CCN(C(=O)COc1cc(=O)n(C)c2ccccc12)c1cccc(Cl)c1
839,Cc1cc(=O)[nH]c(SCC(=O)Nc2cccc(C(F)(F)F)c2)n1
840,CC(C)C[C@H](N[C@@H](c1ccc(-c2ccc(F)cc2)cc1)C(F)(F)F)C(=O)NCC#N
841,COc1ccc(NCCNC(=O)[C@H](CC(C)C)NC(=O)c2ccc(OC)cc2)cc1
842,NC(=S)NN=C1CCS(=O)(=O)c2c(F)cc(Br)cc21
843,CCOC(=O)c1ccccc1NC(=O)Cn1c(-c2nonc2N)nc2ccccc21
844,C=CCn1c(O)c(CN2CCOCC2)c(C)c(C#N)c1=O
845,CNC(=O)c1c(NCCC2CCCC2)nc(C#N)nc1OCC1CCN(C)CC1
846,N#CC1(NC(=O)[C@@H]2Cc3ccc(c(Cl)c3)OC/C=C/COc3ccc(F)c(F)c3C(=O)N2)CC1
847,CC(C)(NCCCc1cc(-c2cccc(C(F)(F)F)c2)nc(C#N)n1)C(N)=O
848,S=C1O[C@@H]2CN1CC[C@@H]2Oc1ccccc1
849,N#CC1(NC(=O)[C@@H]2Cc3ccc(c(Cl)c3)OC/C=C/COc3cc(Cl)ccc3C(=O)N2)CC1
850,CC(C)(C)CN(Cc1ccc(I)cc1)c1ccnc(C#N)n1
851,Cn1c(SCC(=O)Nc2cccc3ccccc23)nc(O)cc1=O
852,CCC(C)[C@H](NS(=O)(=O)c1cccc2ccccc12)C(=O)N[C@H](C=O)Cc1ccc(O)cc1
853,COc1ccc(N2CCN(CCCNS(=O)(=O)c3c(C)noc3/C=C/N(C)C)CC2)cc1
854,CC(C)C(Nc1cccc(Cl)c1)C(=O)N1CCCCN1C#N
855,N#CC1(NC(=O)[C@@H]2CC(S(=O)(=O)c3ccc(F)cc3Cl)CN2C(=O)C2(c3ncc(Cl)cc3F)CC2)CC1
856,CC(C)(C)[Si](C)(C)Oc1ccc(C(=NNC(N)=S)c2cccc(Br)c2)cc1Br
857,CN(C1CCCCC1)S(=O)(=O)c1ccc(Cl)c(C(=O)O)c1
858,CN1Cc2cc(-c3ccc(C[C@@H](C#N)NC(=O)[C@@H]4C[C@@H](O)CCN4)cc3)ccc2C1=O
859,CCCc1cc(-c2ccc(Cl)c(C(F)(F)F)c2)nc(C#N)n1
860,COc1cccc(Cn2c(-c3nonc3N)nc3ccccc32)c1
861,Cc1ccc(N2CCN(C(=O)[C@@H]3CCCC[C@H]3C(=O)NCC#N)CC2)cc1
862,CC(C)(F)C[C@H](N[C@@H](c1ccc(-c2ccc(S(C)(=O)=O)cc2)cc1)C(F)(F)F)C(=O)N[C@H](C#N)CC(F)(F)F
863,N#CC1(NC(=O)[C@@H]2C[C@@H](S(=O)(=O)c3ccccc3Cl)CN2C(=O)C2(c3ccc(Br)cc3)CC2)CC1
864,Cc1ccc(Nc2nnc(SCC(=O)C(C#N)c3nc4ccccc4[nH]3)s2)c(C)c1
865,N#CCNC(=O)C(Cc1cccc(-c2cn[nH]c2)c1)NC(=O)c1ccccc1
866,CC1(C)CN(c2ccc(S(C)(=O)=O)cc2)CCN1C(=O)[C@@H]1CCCC[C@H]1C(=O)NC1(C#N)CC1
867,C=CCn1c(SCC(=O)Nc2cccc3ccccc23)nc(O)c(CC)c1=O
868,N#CCNC(=O)C(Cc1cccc(-c2ccncc2)c1)NC(=O)c1ccccc1
869,O=C(Nc1ccccc1Cl)Nn1cnnc1
870,NC(=S)NN=C(c1cc(Br)cc(C(=O)c2ccccc2F)c1)c1ccccc1F
871,O=c1cc(-c2ccc(Cl)cc2)[nH][nH]1
872,C[C@@H]1CC[C@H](NC(=O)[C@H](CCC2CCCC2)NC(=O)N2CCOCC2)C(=O)CN1S(=O)(=O)c1ccccn1
873,c1ccc(NCn2cncn2)nc1
874,C[C@H]1C[C@@H](NS(=O)(=O)c2cc(Br)ccc2Br)CN1C#N
875,Oc1ccc(/C=C/c2cc(O)cc(O)c2)cc1
876,COc1ccc(OC)c(C2c3c(cc(C)n(Cc4ccccn4)c3=O)OC(=N)C2C#N)c1
877,Nc1nonc1-c1nc2ccccc2n1CC(=O)N1CCCCC1
878,CCOC(=O)N1CCC(Nc2ncnc3c2cnn3-c2ccc(Cl)cc2)CC1
879,CC(C)C[C@H](N[C@@H](c1ccc(-c2cc(F)cc(F)c2)cc1)C(F)(F)F)C(=O)NCC#N
880,CNC(=O)c1c(NCC2CCC3(CCC3)CC2)nc(C#N)nc1OCC1CCN(C)CC1
881,NC(=S)NN=C(c1ccccc1)c1ccccc1
882,CCc1sc(=NN=C(C)COc2ccccc2)n(C)c1O
883,O=C(/C=C/c1ccco1)c1cc(O)cc(O)c1
884,CC1(C)CC2C(=O)N[C@H](C(=O)NC3(C#N)CC3)Cc3ccc(c(Cl)c3)OC/C=C/CCN2C1
885,Cc1cc(=O)[nH]c2cc(Cl)ccc12
886,CSc1ccc2c(c1)C(=O)N[C@H](C(=O)NC1(C#N)CC1)Cc1ccc(c(Cl)c1)OC/C=C/CO2
887,N#CC1(NC(=O)[C@@H]2Cc3ccc(c(Cl)c3)OCCCCOc3ccc(C4CNC4)cc3C(=O)N2)CC1
888,CC(C)(C)OC(=O)N1CC(C(=O)N2C[C@H](S(=O)(=O)c3ccc(OCC(F)(F)F)cc3Cl)C[C@H]2C(=O)NC2(C#N)CC2)(c2ccc(Cl)cn2)C1
889,CC(C)C[C@@H](C(=O)NCC#N)c1cccc(-c2ccc(N3CCN(C(=O)OC(C)(C)C)CC3)cc2)c1
890,COc1cccc(C(=O)NC(=S)Nn2cnnc2)c1OC
891,CCOc1cccc(-c2cc(=O)[nH][nH]2)c1
892,CCCCCCc1ccc(-c2cc(O)c3ccccc3n2)cc1
893,COC(=O)c1ccc2c(c1)NC(=O)C(N1CCCC1)S2
894,N#CCNC(=O)C(Cc1cccc(-c2nnco2)c1)NC(=O)c1ccccc1
895,Nc1ccc2c(c1)C(=O)C(=O)c1ccccc1-2
896,CC(C)C[C@H](NC(=O)OCc1ccccc1)C(=O)NCCNc1ccc(OCc2ccncc2)cc1
897,N#CN1CCC(NC(=O)c2ccccc2)C1
898,CCOC(=O)Cc1csc(NC(=O)NC2(C(F)(F)F)Oc3ccccc3O2)n1
899,Cc1nc(SCC(=O)NCc2ccccc2)c2c(=O)n(C)c(=O)n(C)c2n1
900,CC(=O)N1CCCN(c2ccc(OCc3cc4cnc(C#N)nc4n3CCC3CCCCC3)cc2)CC1
901,COc1ccc(NC(=O)NNC(=O)CCc2ccc(O)c(O)c2)cc1OC
902,CC(C)CC(C(=O)NCC#N)c1cccc(-c2ccc(N3CCN(C)CC3)cc2)c1
903,O=C[C@@H](Cc1c[nH]c2ccccc12)NC(=O)CNS(=O)(=O)c1cccc2ccccc12
904,N#Cc1nc(NCc2cccc(-c3ccccc3)c2)c2ncn(CCCO)c2n1
905,N#CC1(NC(=O)[C@@H]2Cc3ccc(c(Cl)c3)OC/C=C/CCN3CCCC3C(=O)N2)CC1
906,CCCC[C@H](NC(=O)O[C@H](Cn1cnc(-c2ccc(C(F)(F)F)cc2)c1)C(C)(C)C)C(=O)CNS(=O)(=O)c1ccccn1
907,O=C(O)c1cc(F)c(F)cc1Nc1ccc(OCc2ccccc2)cc1
908,N#Cc1ncc(C(=O)NCCc2ccc(N3CCCC3)cc2)c(NC2CCCCC2)n1
909,Cc1cccc(C[C@H](NC(=O)c2ccc(F)cc2F)C(=O)N[C@H](C#N)COCc2cccc(C(=O)O)c2)c1
910,NC(=S)N/N=C(\c1cccc(Br)c1)c1cc(Br)cc(C(=O)c2cccc(Br)c2)c1
911,Nc1nonc1-c1nc2ccccc2n1CC(=O)N1CCN(c2ccc(F)cc2)CC1
912,CCc1sc(N=NC(C)COc2ccccc2)nc1S
913,CC(C)C[C@H](NC(c1ccc(Br)cc1)C(F)(F)F)C(=O)NCC#N
914,CC(COc1ccccc1)=NN=C1SCC(=O)N1c1ccccc1
915,CC(=O)N[C@@H](CC(C)C)C(=O)N[C@@H](CC(C)C)C(=O)N[C@@H](CCCNC(=N)N)C(=O)O
916,CCCC[C@H](NC(=O)O[C@@H]1C[C@H](C)C[C@H](C)C1)C(=O)C(=O)N[C@H](C)c1ccccc1
917,Cc1cc(C(=O)COC(=O)c2ccc[nH]c2=O)c(C)n1-c1ccc(Br)cc1
918,CN1CCC(Cc2ccccc2)(NC(=O)c2cnc(C#N)nc2NCC2CCC3(CC2)CC3)CC1
919,O=C1C2=C(CCCC2)S(=O)(=O)N1c1cccc(Cl)n1
920,CC1CCc2sc(NC(=O)C3CC(Cl)=CCC3C(=O)O)c(C#N)c2C1
921,CCOC(=O)C1C(CS(=O)(=O)c2ccc(F)cc2)=NC(=O)NC1c1ccc(O)c(O)c1
922,O=C(CSc1nnc(-c2ccccc2)o1)Nn1cnnc1
923,COC(=O)CCC(=O)Nc1ccc2c(c1)C(=O)C(=O)c1cc(NC(=O)CCC(=O)OC)ccc1-2
924,Cc1scc(C(=O)Nn2cnnc2)c1-c1ccccc1
925,CNC(=O)c1c(NCC2CCC3(CCC3)CC2)nc(C#N)nc1OCC1CCN(CCO)CC1
926,O=C(NC1CC1)C(=O)C1(NC(=O)[C@@H]2C[C@@H](S(=O)(=O)c3ccccc3Cl)CN2C(=O)C2(c3ccc(Cl)cc3)CC2)CC1
927,COc1cc([N+](=O)[O-])ccc1NC(=O)Nn1cnnc1
928,CC[C@@H](C)[C@H](NS(=O)(=O)c1cccc2ccccc12)C(=O)N[C@@H](C=O)Cc1c[nH]c2ccccc12
929,CN1CCN(CCCOc2ccccc2Nc2nc(C#N)nc3c2ncn3C2CCCC2)CC1
930,Cn1cccc1Cc1nnc(SCC(=O)NCC2CCCO2)n1-c1ccc(F)cc1
931,CCn1c2ccccc2c2cc(NC(=O)CSc3nccc(=O)[nH]3)ccc21
932,CC(C)(C)CN(Cc1ccc(C#CCn2cncn2)cc1)c1ccnc(C#N)n1
933,COC(=O)CN(n1cnnc1)S(=O)(=O)c1ccc(C)cc1
934,N#CC1(NC(=O)[C@@H]2C[C@@H](S(=O)(=O)c3ccccc3-n3cccn3)CN2C(=O)C2(c3ncc(I)cc3F)CC2)CC1
935,N#Cc1c(N2CCCC2)nc(N)c2c(N)nc(N3CCCC3)cc12
936,NC(=S)NN=C(c1ccccc1)c1cccs1
937,CCOC(=O)c1c(-c2ccc(-c3ccccc3)cc2)csc1NC(=O)C1C2CCC(O2)C1C(=O)O
938,Cn1c(C(=O)NCCN2CCCCCC2)cc2c(=O)n(C)c3ccccc3c21
939,Cn1nc(C(C)(C)C)cc1C(=O)NC(Cc1cccc(-c2nnc(CO)o2)c1)C(=O)NCC#N
940,CCCC[C@@H](C=NN=C(O)N1CCc2ccccc21)NC(=O)OC1(Cc2ccccc2)CCCC1
941,Cn1cnc2c(C#N)nc(-c3ccc(OCCC4CCN(S(C)(=O)=O)CC4)c(C(F)(F)F)c3)cc21
942,CC(C)C[C@H](Nc1ccccc1-c1ccc(N2CCNCC2)cc1)C(=O)NCC#N
943,COc1ccc(S(=O)(=O)[C@@H]2C[C@@H](C(=O)NC3(C#N)CC3)N(C(=O)C3(c4ncc(Br)cc4F)CC3)C2)c(Cl)c1
944,Cn1cc(-c2cccc(CC(NC(=O)c3ccccc3)C(=O)NCC#N)c2)cn1
945,COc1ccc(N(CC(=O)NCC2CCCO2)S(=O)(=O)c2c(C)noc2C)cc1
946,COC(=O)C[C@H](NS(=O)(=O)c1cccc2ccccc12)C(=O)N[C@@H](C=O)Cc1c[nH]c2ccccc12
947,CN1CCc2cccc3c2[C@H]1Cc1ccc(O)c(O)c1-3
948,S=c1[nH]nc(-c2ccccc2Br)[nH]1
949,N#Cc1nc(NCc2cccc(-c3c(F)c(F)c(F)c(F)c3F)c2)c2ncn(CCCO)c2n1
950,CCC[C@H](NC(=O)[C@@H]1C[C@@H](S(=O)(=O)c2ccc(F)cc2Cl)CN1C(=O)C1(c2ccc(Cl)cc2)CC1)C(=O)C(=O)NC1CC1
951,C[C@H](C#N)n1cc([C@@](C)(NC(=O)c2ccsc2)[C@H]2CC[C@H](C)CC2)nn1
952,Cc1ccccc1-n1sc2cc(F)ccc2c1=O
953,Cc1nc(N2CCN(C(=O)[C@@H]3CCCC[C@H]3C(=O)NC3(C#N)CC3)CC2)sc1C
954,O=[N+]([O-])c1cc([N+](=O)[O-])c2cccnc2c1Oc1ccccc1O
955,N#CC1(NC(=O)[C@@H]2CCCC[C@H]2C(=O)N2CCN(c3nc4ncccc4s3)CC2)CC1
956,CCOC(=O)N1CCC(NC(=O)C2CCCCN2S(=O)(=O)c2ccc(F)cc2)CC1
957,CC(C)CC(C(=O)NCC#N)c1cccc(-c2cccnc2)c1
958,NC(=S)NN=C(c1ccc(F)cc1)c1cccc(C(=O)c2ccc(F)cc2)c1
959,COc1ccc(N2CCN(C(=O)[C@@H]3CCCC[C@H]3C(=O)NC3(C#N)CC3)[C@H](C)C2)nc1OC
960,Cc1ccccc1Oc1ccc(NC(=O)C2CC=CCC2C(=O)O)cc1
961,CCCC[C@@H](C=NNC(=O)N1CCOCC1)NC(=O)O[C@H](Cc1ccccc1)C(C)C
962,CC(C)(C)CNc1nc(C#N)ncc1C(=O)NCCc1ccc(OCCn2ccnc2)cc1
963,C[C@@H]1CC[C@H](NC(=O)[C@@H](CC2(C)CCCCC2)NC(=O)c2ccco2)C(=O)CN1S(=O)(=O)c1ccccn1
964,CC(C)CNc1nc(C#N)nc(N2CCOCC2)c1N
965,N#[N+][CH-]C(=O)[C@H](Cc1ccccc1)NC(=O)[C@H](Cc1ccccc1)NC(=O)OCc1ccccc1
966,CCCC[C@H](NC(=O)OCC(C)(C)c1ccccc1)C(=O)C(=O)N[C@H](C)c1ccccc1
967,NC(=S)N/N=C(\c1cccc(O)c1)c1cc(Br)cc(Br)c1
968,N#Cc1nc(NCc2cccc(-c3ccoc3)c2)c2ncn(CCCO)c2n1
969,O=c1c2ccccc2c(C=Nn2cnnc2)c(O)n1-c1ccccc1
970,N#Cc1nc(NCc2cccc(-c3ccccc3C(F)(F)F)c2)c2ncn(CCCO)c2n1
971,CC[C@H](NC(=O)[C@@H]1C[C@@H](S(=O)(=O)c2ccc(Br)cc2C(F)(F)F)CN1c1cc(C)nn1C1CCC1)C(=O)C(=O)NC1CC1
972,CCCC[C@@H](C=O)NC(=O)OC(CC)(CC)Cc1ccccc1
973,Cc1cccc(C[C@H](Nc2ccc3c(c2)C(=O)N(C)C3=O)C(=O)N[C@H](C#N)COCc2cccc(C(=O)O)c2)c1
974,NC(=S)NN=C(CCc1ccccc1)c1cc(Cl)cc(Cl)c1
975,NC(=S)N/N=C(\c1ccc(O)cc1)c1cccc(C(=O)c2ccc(O)cc2)c1
976,S=C(NN=C(c1cccc(Br)c1)c1cccc(Br)c1)Nc1ccccc1
977,N#Cc1nc(NCc2cccc(-c3cc4ccccc4n3S(=O)(=O)c3ccccc3)c2)c2ncn(CCCO)c2n1
978,O=C(NCc1ccco1)C(Cc1ccccc1)N1C(=O)C2C3C=CC(C3)C2C1=O
979,Oc1cc(-c2ccccc2)nc2ccccc12
980,CC[C@H](NC(=O)[C@@H]1C[C@@H](S(=O)(=O)c2ccccc2Cl)CN1C(=O)C1(c2ccc(Cl)cc2F)CC1)C(=O)C(=O)NC1CC1
981,CS(=O)(=O)c1ccc(-c2ccc([C@H](N[C@@H](CC3CC3)C(=O)N[C@H](C#N)Cc3ccccc3)C(F)(F)F)cc2)cc1
982,CN1CCC(CCOc2nc(C#N)nc(NCC3CCC4(CC3)CC4)c2C(=O)NCc2ccccc2)CC1
983,N#Cc1ncc2cc(Cc3ccc(Cl)cc3)n(CCC3CCCC3)c2n1
984,CCCc1cc(-c2cccc(C3CCCC3)c2)nc(C#N)n1
985,CC(C)[C@H](NS(=O)(=O)c1cccc2ccccc12)C(=O)N[C@@H](C=O)Cc1c[nH]c2ccccc12
986,CC[C@H](NC(=O)[C@@H]1C[C@@H](S(=O)(=O)c2ccccc2Cl)CN1C(=O)C1(c2ccc(Cl)cc2)CC1)C(=O)C(=O)NC1CCOCC1
987,CC(C)CC(C(=O)NCC#N)c1cccc(-c2ccc(C(N)=O)cc2)c1
988,NC(=S)NN=C(c1cc(Cl)cc(Cl)c1)c1cccs1
989,CC(C)(C)Cn1c(CN2C(=O)NC3(CCNCC3)C2=O)cc2cnc(C#N)nc21
990,N#CC1(NC(=O)[C@@H]2C[C@@H](Sc3ncccc3C(F)(F)F)CN2C(=O)C2(c3ncc(Cl)cc3F)CC2)CC1
991,Fc1ccccc1COc1ccc(C=Nn2cnnc2)cc1
992,O=C(c1ccc(CS(=O)(=O)c2ccc(Br)cc2)o1)N1CCOCC1
993,CC(C)(c1ccc(F)cc1)S(=O)(=O)C[C@H](N[C@@H](c1ccc(F)cc1)C(F)(F)F)C(=O)NC1(C#N)CC1
994,COc1ccc(S(=O)(=O)[C@@H]2C[C@@H](C(=O)NC3(C#N)CC3)N(C(=O)C3(c4ccc(Cl)cn4)CNC3)C2)c(Cl)c1
995,Cc1cccc(C[C@@H](C#N)NC(=O)[C@H](CC(C)C)NC(=O)OCc2ccccc2)c1
996,COCCNCCOc1ccc(COc2ccccc2Nc2nc(C#N)nc3c2ncn3C2CCCC2)cc1
997,CNC(=O)c1c(NCC2CCC3(CCC3)CC2)nc(C#N)nc1OCCC1CCN(C)CC1
998,CC(C)C[C@H](NC(=O)OCc1ccccc1)C(=O)NCCNc1ccc(Oc2ccccc2)cc1
999,CC[C@H](NC(=O)[C@@H]1C[C@@H](S(=O)(=O)c2ccc(Cl)cc2Cl)CN1C(=O)C1(c2ccc(Cl)cc2)CC1)C(=O)C(=O)NC1CC1
1000,NC(=S)NN=C1CCS(=O)(=O)c2ccc(Br)cc21
1001,O=C(Nc1ccc(Nc2ccccc2)cc1)C1CC1
1002,N#CC1(NC(=O)[C@@H]2Cc3ccc(c(Cl)c3)OC/C=C/COc3ccc(Br)cc3C(=O)N2)CC1
1003,O=C1O[C@@H]2CN1CC[C@@H]2OCc1ccccc1
1004,CS(=O)C[C@H](N[C@@H](c1ccc(Br)cc1)C(F)(F)F)C(=O)NC1(C#N)CC1
1005,N#Cc1ncc2cc(CNc3ccccc3)n(CCC3CCCCC3)c2n1
1006,CC[C@@H](C)[C@H](NC(=O)NCc1ccccc1)C(=O)N[C@@H](C=O)Cc1c[nH]c2ccccc12
1007,O=C1C2=C(CCCC2)S(=O)(=O)N1c1c(F)c(F)c(F)c(F)c1F
1008,C[C@H](C#N)NC(=O)[C@@H]1CCCC[C@H]1C(=O)N1CCc2[nH]c3ccc(F)cc3c2C1
1009,N#CC1(NC(=O)[C@@H]2Cc3ccc(c(Cl)c3)OCCCCOc3cc(Cl)ccc3C(=O)N2)CC1
1010,CC(c1nnc(SCC(=O)NC(=O)NCc2ccco2)n1-c1ccc(Cl)cc1)N(C)C
1011,CCCC[C@H](NC(=O)O[C@H](Cc1nnc(-c2ccc(C(F)(F)F)cc2)o1)C(C)(C)C)C(=O)C(=O)N[C@H](C)c1ccccc1
1012,CCCc1cc(-c2cccc(C(C)(C)C)c2)nc(C#N)n1
1013,Cn1nc(C(C)(C)C)cc1C(=O)NC(Cc1cccc(-c2nnc(CCN)o2)c1)C(=O)NCC#N
1014,CCCC[C@H](NC(=O)O[C@H](Cc1nnc(-c2ccc(C(F)(F)F)cc2)o1)C(C)(C)C)C(=O)C(=O)Nc1ccn[nH]1
1015,CCNC(=S)NN=C(c1cccc(Br)c1)c1cccc(Br)c1
1016,Cn1c(C(=O)NCCCN2CCOCC2)cc2c(=O)n(C)c3ccccc3c21
1017,CC1CCC(C[C@H](NC(=O)c2ccco2)C(=O)N[C@H]2CC[C@@H](C)N(S(=O)(=O)c3ccccn3)CC2=O)CC1
1018,N#CC1(NC(=O)[C@@H]2Cc3ccc(c(Cl)c3)OC/C=C/CNc3ccccc3C(=O)N2)CC1
1019,CCC(C)[C@H](NS(=O)(=O)c1cccc2ccccc12)C(=O)N[C@H](C=O)Cc1ccccc1
1020,C[C@H](NS(=O)(=O)c1cccc2ccccc12)C(=O)N[C@@H](C=O)Cc1c[nH]c2ccccc12
1021,CC(C)C[C@H](NC(=O)OCc1ccccc1)C(=O)NCCNc1ccc(OCC2CCCC2)cc1
1022,CS(=O)(=O)c1ccc(N2CCN(C(=O)[C@@H]3CCCC[C@H]3C(=O)NCC#N)CC2)cc1
1023,CC(=O)c1c(Nc2ccc(Cl)cc2Cl)nc2c([N+](=O)[O-])cc(Cl)cc2c1O
1024,CC(C)(C)OC(=O)N[C@@H](Cc1c[nH]c2ccccc12)C(=O)NNC(=O)SC1CCN(c2ccccc2)C1=O
1025,S=c1[nH]nc(-c2cccc(Cl)c2)[nH]1
1026,CCCc1cc(-c2cccc(Cl)c2)nc(C#N)n1
1027,CCCC[C@H](NC(=O)O[C@H](Cn1ccc(-c2ccc(C(F)(F)F)cc2)n1)C(C)(C)C)C(=O)C(=O)Nc1ccccn1
1028,COc1cc([N+](=O)[O-])ccc1NC(=S)Nn1cnnc1
1029,C[C@H](Oc1ccc(S(=O)(=O)[C@@H]2C[C@@H](C(=O)NC3(C#N)CC3)N(C(=O)C3(c4ncc(Cl)cc4F)CCN3C(=O)OC(C)(C)C)C2)c(Cl)c1)C(F)(F)F
1030,C[C@H](Oc1ccc(S(=O)(=O)[C@@H]2C[C@@H](C(=O)NC3(C#N)CC3)N(C(=O)C3(c4ncc(Br)cc4F)CN(CC(F)F)C3)C2)c(Cl)c1)C(F)(F)F
1031,O=C(O)c1ccccc1Nc1ccc(OCc2ccccc2)c([N+](=O)[O-])c1
1032,NC(=S)NN=C(c1cccc(Br)c1)c1c(F)cccc1F
1033,O=C(Nc1ccc(Cl)cc1)Nc1cccc(C(=O)O)c1
1034,COc1cc(NC(=O)CSc2nc3ccccc3cc2C)c(C(=O)O)cc1OC
1035,Cc1cc(-c2ccc(S(=O)(=O)[C@@H]3C[C@@H](C(=O)NC4(C#N)CC4)N(C(=O)C4(c5ncc(Br)cc5F)CCN4)C3)c(Cl)c2)ccn1
1036,O=C(NCc1cccc(F)c1)C1CCN(S(=O)(=O)Cc2ccccc2)CC1
1037,N#CC1(NC(=O)[C@@H]2Cc3ccc(c(Cl)c3)OC/C=C/COc3ccccc3C(=O)N2)CC1
1038,Nc1cc(OC(=O)c2cccs2)nn1S(=O)(=O)c1ccc(F)cc1
1039,CC(C)C[C@H](NC(=O)OCc1ccccc1)C(=O)N[C@H](C#N)Cc1ccc(OC(C)(C)C)cc1
1040,CC(C)C[C@H](N[C@@H](c1ccc(-c2ccsc2)cc1)C(F)(F)F)C(=O)NCC#N
1041,Cc1nnc2ccc(N3CCN(c4ccccn4)CC3)nn12
1042,O=C[C@H](Cc1ccc(O)cc1)NC(=O)[C@H](Cc1ccccc1)NC(=O)OCc1ccccc1
1043,CCCN1CCN(c2ccc(C(=O)NC3(C(=O)NCC#N)CCCCC3)cc2)CC1
1044,CC(C)[C@H](N[C@@H](c1ccc(-c2ccc(S(C)(=O)=O)cc2)cc1)C(F)(F)F)C(=O)N[C@H](C#N)Cc1ccccc1
1045,CNC(=O)c1c(NCC2CCC3(CCCC3)CC2)nc(C#N)nc1OCC1CCN(C)CC1
1046,COc1ccc(C(=O)NCc2ccnc(C#N)n2)cc1C(=O)C(C)(C)c1cc(Cl)cc(Cl)c1
1047,O=C(/C=C/c1ccc(O)cc1O)c1cccs1
1048,CC(C)C[C@H](NC(=O)[C@@H]1C[C@@H](S(=O)(=O)c2ccccc2Cl)CN1C(=O)C1(c2ccc(Cl)cc2)CC1)C(=O)C(=O)NC1CC1
1049,C[C@@H](CC1CCCCC1)OC(=O)N[C@H]1CCN(C#N)C1
1050,O=C1C2=C(CCCC2)S(=O)(=O)N1c1cc[nH+]cc1
1051,COc1ccc2c(c1)C(=NNC(N)=S)CCS2
1052,CS(=O)(=O)C[C@H](N[C@@H](c1cccc(F)c1)C(F)(F)F)C(=O)NC1(C#N)CC1
1053,COc1ccccc1/N=C/c1nc(-c2ccccc2)oc1OC(C)=O
1054,CNC(=O)[C@H](Cc1ccccc1)NC(=O)[C@@H](CC(=O)NO)CC(C)C
1055,NC(=S)N/N=C(/c1cccc(Br)c1)c1cccc(OP(=O)([O-])[O-])c1.[Na+].[Na+]
1056,N#CC1(NC(=O)[C@@H]2C[C@@H](S(=O)(=O)c3ccc(OCC(F)(F)F)cc3Cl)CN2C(=O)C2(c3ccc(Cl)cn3)CN(CC(F)F)C2)CC1
1057,N#Cc1ncc(C(=O)NCCc2ccccc2)c(NC2CCCCC2)n1
1058,CC(C)(F)C[C@H](N[C@@H](c1ccc(-c2ccc(S(C)(=O)=O)cc2)cc1)C(F)(F)F)C(=O)NC1(C#N)CC1
1059,CC1(C)Cc2c(sc(NC(=O)C3CC(Cl)=CCC3C(=O)O)c2C#N)CO1
1060,CN1CCC(NC(=O)c2cnc(C#N)nc2NCC2CCC3(CC2)CC3)(c2ccccc2)CC1
1061,Cc1cccc(NC(=O)CCn2nc(C)cc2C)c1
1062,Cc1nnc(CN2CCC(CCOc3ccc(-c4cc5c(ncn5C)c(C#N)n4)cc3C(F)(F)F)CC2)o1
1063,Cc1cc(-c2ccc(S(=O)(=O)[C@@H]3C[C@@H](C(=O)NC4(C#N)CC4)N(C(=O)C4(c5ncc(Cl)cc5F)CCN4C(=O)OC(C)(C)C)C3)c(Cl)c2)ccn1
1064,CC[C@@H](C)[C@H](NC(=S)Nc1ccccc1)C(=O)N[C@@H](C=O)Cc1c[nH]c2ccccc12
1065,NC(=S)NN=C1CCSc2ccc(F)cc21
1066,CC(=O)c1c(Nc2ccc(Br)cc2)nc2c(Br)ccc(Br)c2c1O
1067,CN(C)S(=O)(=O)c1ccc(NC(=O)C2COc3ccccc3O2)cc1
1068,N#CC1(NC(=O)[C@@H]2Cc3ccc(cc3)OC/C=C/CCc3ccccc3C(=O)N2)CC1
1069,CC(C)C(NC(=O)OCc1ccccc1)C(=O)N1CCCCN1C#N
1070,N#Cc1ccc2c(c1)C(=O)N[C@H](C(=O)NC1(C#N)CC1)Cc1ccc(c(Cl)c1)OCCCCO2
1071,CN1CCN(CCOc2ccc(COc3ccccc3Nc3nc(C#N)nc4c3ncn4C3CCCC3)cc2)CC1
1072,COc1ccccc1OCC(=O)Nc1oc(-c2ccccc2)c(-c2ccccc2)c1C#N
1073,CCCc1cc(-c2ccc(OCC)c(C(F)(F)F)c2)nc(C#N)n1
1074,CCOC(=O)c1c(-c2cccc(C)c2)csc1NC(=O)C1CC=CCC1C(=O)O
1075,CC[C@H](NC(=O)[C@@H]1C[C@@H](S(=O)(=O)c2ccccc2Cl)CN1C(=O)C1(c2ccc(Cl)cc2)CC1)C(=O)C(=O)NCc1ccccc1
1076,COc1ccccc1-c1cc(C(F)(F)F)nc(N2CCN(c3ccccc3)CC2)n1
1077,O=C(CSc1nn(-c2ccccc2)c(=S)s1)Nn1cnnc1
1078,O=C[C@H](Cc1c[nH]c2ccccc12)NC(=O)CCc1ccccc1
1079,CC(=O)Nc1ccc(OCc2cc3cnc(C#N)nc3n2CCC2CCCCC2)cc1
1080,CC(C)CC(C(=O)NCC#N)c1cccc(-c2ccc(C3=CCNCC3)cc2)c1
1081,C=Cc1cccc(-c2cccc(CNc3nc(C#N)nc4c3ncn4CCCO)c2)c1
1082,CC(C)C[C@@H](C(=O)NCC#N)c1cccc(-c2ccc(-c3nnn[nH]3)cc2)c1
1083,COc1ccc2c(c1)CC/C=C/COc1ccc(cc1Cl)C[C@@H](C(=O)NC1(C#N)CC1)NC2=O
1084,O=C1O[C@H]2CN1CC[C@@H]2Br
1085,Nc1nonc1-c1noc(-c2ccc(Br)o2)n1
1086,N#CC1(NC(=O)[C@@H]2Cc3ccc(c(Cl)c3)OCCCCOc3ccc(Br)cc3C(=O)N2)CC1
1087,COc1ccc2c(c1)C(=O)N[C@H](C(=O)NC1(C#N)CC1)Cc1ccc(c(Cl)c1)OC/C=C/CO2
1088,C[C@@H]1CC[C@H](NC(=O)[C@H](CC2(C)CCCCC2)NC(=O)c2ccco2)C(=O)CN1S(=O)(=O)c1ccccn1
1089,CC1(C)CCC(CNc2nc(C#N)ncc2C(=O)NCCc2ccccc2)CC1
1090,N#CC1(NC(=O)[C@@H]2C[C@@H](S(=O)(=O)c3cccc(-c4ccc(F)cc4)c3)CN2C(=O)C2(c3ncc(Cl)cc3F)CC2)CC1
1091,N#CCSc1ncnc2sc3c(c12)CCC3
1092,c1ccc(Cn2nnnc2C(c2cccs2)N2CCOCC2)cc1
1093,Cc1cccc(C(=NNC(N)=S)c2cccc(Br)c2)c1
1094,CC(C)CC(C(=O)NCC#N)c1cccc(-c2ccc(S(C)(=O)=O)cc2)c1
1095,CC(C)(C)CN(Cc1ccc(Cn2cncn2)cc1)c1ccnc(C#N)n1
1096,N#Cc1ccsc1NC(=O)c1cnccn1
1097,CCCC[C@@H](C=NNC(=O)N1CCOCC1)NC(=O)OC(C)(C)C
1098,CNC(=O)c1c(NCC2CCC3(CCC3)CC2)nc(C#N)nc1OCC1CCN(C(C)=O)CC1
1099,COc1cc(Cn2c(-c3nonc3N)nc3ccccc32)ccc1C
1100,CC(C)C(Nc1cccc(C#N)c1)C(=O)N1CCCCN1C#N
1101,O=c1c2ccccc2[nH]c2cc(OCc3ccccc3)ccc12
1102,CC(C)CO[C@H]1CCN2C[C@H]1OC2=O
1103,CCOC(=O)N1CCN(c2c(N3CCN(c4ccccn4)CC3)c(=O)c2=O)CC1
1104,NC(=S)NN=C(c1ccc(F)cc1)c1cccc(Br)c1
1105,COCC(C)NC(=O)NC1(C(F)(F)F)Oc2ccc(Cl)cc2O1
1106,O=C1C(=O)c2cccnc2-c2ccccc21
1107,O=C1Nc2ccccc2/C1=C1/SC(=S)N(NC(=O)c2cccnc2)C1=O
1108,Cn1nc(C(C)(C)C)cc1C(=O)N[C@@H](Cc1cccc(Cl)c1)C(=O)NCC#N
1109,CC(C)C[C@H](N[C@@H](c1ccc(-c2nccs2)cc1)C(F)(F)F)C(=O)NCC#N
1110,O=C(NCc1cccs1)C1CCN(S(=O)(=O)c2ccc(Br)s2)CC1
1111,O=C(CNC(=O)c1ccccc1)NCCc1ccc(O)c(O)c1
1112,NC(=S)NN=C(c1ccccc1)c1cccc(O)c1
1113,O=C1c2ccccc2S(=O)(=O)N1c1c(F)c(F)nc(F)c1F
1114,CC(C)C[C@H](NS(=O)(=O)c1cccc2ccccc12)C(=O)N[C@@H](C=O)Cc1c[nH]c2ccccc12
1115,CCC(C)[C@H](NS(=O)(=O)c1cccc2ccccc12)C(=O)N[C@H](C=O)CC(C)C
1116,CC1(C)CCc2cc(CCC(=O)c3c(O)cc4c(c3O)CCC(C)(C)O4)ccc2O1
1117,CCCCNC(=O)C(=O)[C@H](CC)NC(=O)[C@@H]1C[C@@H](S(=O)(=O)c2ccccc2Cl)CN1C(=O)C1(c2ccc(Cl)cc2)CC1
1118,CC(C)(C)[Si](C)(C)Oc1cc(Br)cc(C(=NNC(N)=S)c2cccc(Br)c2)c1
1119,NC(=S)NN=C1CCS(=O)(=O)c2ccc(O)cc21
1120,COC(=O)c1c(-c2ccco2)csc1NC(=O)C1CC=CCC1C(=O)O
1121,Cc1cccc(O[C@H]2CCN3C[C@@H]2OC3=O)c1C
1122,O=C(NN=CC1=CC(=O)C(=O)CC1)NN=CC1=CC(=O)C(=O)CC1
1123,CN1CCN(c2ccc(CC#Cc3cnc(C#N)nc3NCC(C)(C)C)cc2)CC1
1124,N#CCNC(=O)[C@@H]1CCCC[C@H]1C(=O)N1CCN(c2ccc(C#N)cc2)CC1
1125,Cc1sc(NC(=O)C2CC(Cl)=CCC2C(=O)O)c(C#N)c1C
1126,CC[C@H](NC(=O)[C@@H]1C[C@@H](S(=O)(=O)c2ccc(OCC(F)(F)F)cc2C(F)(F)F)CN1C(=O)C1(c2ccc(Cl)cc2)CC1)C(=O)C(=O)NC1CC1
1127,COc1ncc(-c2cccc(CNc3nc(C#N)nc4c3ncn4CCCO)c2)c(OC)n1
1128,COCCNC(=O)C(c1cccc(OC)c1)N(C(=O)Cn1nnc2ccccc21)c1cccnc1
1129,O=C(/C=C/c1cccnc1)c1ccc(O)cc1O
1130,COc1ccc(C(=NNC(N)=S)c2cccc(C(=O)c3ccc(O)cc3)c2)cc1
1131,N#CC1(NC(=O)[C@H](CS(=O)(=O)Cc2c(Cl)cccc2Cl)N[C@@H](c2ccc(F)cc2)C(F)(F)F)CC1
1132,CCC(C)[C@H](NS(=O)(=O)c1cccc2ccccc12)C(=O)N[C@@H](C)C=O
1133,CC[C@@H](C)[C@H](NC(=O)OC(C)(C)C)C(=O)N[C@@H](C=O)Cc1c[nH]c2ccccc12
1134,CNC(=O)c1c(NCC2OCC3(CCC3)CO2)nc(C#N)nc1OCC1CCN(C)CC1
1135,Oc1ccc(CCNc2c3ccccc3nc3ccccc23)cc1O
1136,O=S(=O)(Nn1cnnc1)c1ccccc1
1137,NC(=S)NN=C(c1cccc(Br)c1)c1cccc(OCc2ccccc2)c1
1138,N#Cc1nc(NC2CCCCC2)nc(N2CCNCC2)n1
1139,CC(C)(C)Cn1c(Cc2ccc(Cl)cc2)cc2cnc(C#N)nc21
1140,CCCC[C@H](NC(=O)O[C@H](Cc1nnc(-c2ccc(C(F)(F)F)cc2)o1)C(C)(C)C)C(=O)C(=O)NN1CCOC1=O
1141,CCC1SC(=NN=C(C)COc2ccccc2)N(c2ccccc2)C1=O
1142,CC(C)CC(C(=O)NCC#N)c1cccc(-c2cncnc2)c1
1143,CCCC[C@H](NC(=O)O[C@H](Cc1nnc(-c2ccc(F)cc2)o1)C(C)(C)C)C(=O)C(=O)Nc1ccn[nH]1
1144,CCCc1cc(-c2cccc(Br)c2)nc(C#N)n1
1145,CC(C)CC(C(=O)NCC#N)c1cccc(-c2ccccc2N2CCNCC2)c1
1146,N#C[C@@]1(NC(=O)[C@@H]([NH3+])Cc2cccs2)C[C@@H]1c1ccccc1
1147,Cc1cccc(C[C@H](Nc2ccccc2)C(=O)N[C@H](C#N)COCc2cccc(C(=O)O)c2)c1
1148,NC(=S)NN=C(c1cccc(Br)c1)c1ccccc1Cl
1149,CCOC(=O)NC1(Nc2ccc(C)cc2)Oc2ccccc2O1
1150,O=C(Nc1ccc(Br)cc1Cl)Nn1cnnc1
1151,CC[C@@H](C)[C@H](NC(=S)NCc1ccccc1)C(=O)N[C@@H](C=O)Cc1c[nH]c2ccccc12
1152,O=C(/C=C/c1ccoc1)c1cc(O)cc(O)c1
1153,CC[C@H](NC(=O)[C@@H]1C[C@@H](S(=O)(=O)c2ccccc2C(F)(F)F)CN1C(=O)C1(C(F)(F)F)CC1)C(=O)C(=O)NC1CC1
1154,Cc1cc(=O)[nH]c(SCC(=O)c2ccc(O)c(O)c2)n1
1155,CC(C)C[C@H](Nc1cscc1-c1ccc(N2CCNCC2)cc1)C(=O)NCC#N
1156,Oc1ccc(C=NN=Cc2ccc(O)c(O)c2)cc1O
1157,CNC(=O)c1c(NCC2CCC3(CCC3)CC2)nc(C#N)nc1OCC1CCNCC1
1158,CN1CCC(CCOc2nc(C#N)nc(NCC3CCC4(CC3)CC4)c2C(=O)NCCc2ccccc2)CC1
1159,O=C(/C=C/c1ccc(O)c(O)c1)NC(=O)c1ccccc1O
1160,COc1ccc(OC)c(S(=O)(=O)N[C@@H]2C[C@@H](C)N(C#N)C2)c1
1161,N#CC1(NC(=O)[C@@H]2Cc3ccc(c(Cl)c3)OC/C=C/COc3c(F)cc(F)cc3C(=O)N2)CC1
1162,N#CC1(NC(=O)[C@@H]2C[C@@H](S(=O)(=O)c3ccccc3-n3ccnn3)CN2C(=O)C2(c3ncc(Cl)cc3F)CC2)CC1
1163,Cc1cccc(C(=O)c2cccc(/C(=N/NC(N)=S)c3cccc(C)c3)c2)c1
1164,N#Cc1nc(NCc2cccc(-c3ccsc3)c2)c2ncn(CCCO)c2n1
1165,COCc1nnc(-c2cccc(CC(NC(=O)c3cc(C(C)(C)C)nn3C)C(=O)NCC#N)c2)o1
1166,C[C@@H]1CC[C@H](NC(=O)[C@H](CCC2CCCC2)NC(=O)c2ccco2)C(=O)CN1S(=O)(=O)c1ccccn1
1167,CCC[C@H](NC(=O)[C@@H]1C[C@@H](S(=O)(=O)c2ccccc2Cl)CN1C(=O)C1(c2ccc(Cl)cc2)CC1)C(=O)C(=O)NCC(F)(F)F
